Date,Hours Played,Likes,Replies,Recommendation
2016-10-19,2711.8,7334249450,0,Recommended
2020-11-02,1895.9,21331564346,0,Recommended
2019-11-04,8154.3,180222395,0,Recommended
2023-07-15,11.9,90537246,0,Recommended
2023-08-14,172.1,91832445,0,Recommended
2017-01-05,9354.1,105544360,0,Recommended
2022-01-20,1691.2,87440560,0,Recommended
2016-10-19,2711.8,7334249450,0,Recommended
2020-11-02,1895.9,21331564346,0,Recommended
2019-11-04,8154.3,180222395,0,Recommended
2023-07-15,11.9,90537246,0,Recommended
2023-08-14,172.1,91832445,0,Recommended
2017-01-05,9354.1,105544360,0,Recommended
2022-01-20,1691.2,87440560,0,Recommended
2023-09-20,13.0,76384456287,0,Recommended
2021-02-11,7177.9,1203252100,0,Recommended
2022-10-29,638.0,62417129,0,Recommended
2021-06-07,2456.9,122070577,0,Recommended
2023-06-13,5.2,100641165,0,Recommended
2023-09-28,574.7,62813488326,0,Recommended
2021-11-03,3564.2,88761789,0,Recommended
2021-03-01,20201.4,20771181266,0,Recommended
2022-02-28,2054.6,65339971,0,Recommended
2016-10-19,2711.8,7334249450,0,Recommended
2020-11-02,1895.9,21331564346,0,Recommended
2019-11-04,8154.3,180222395,0,Recommended
2023-07-15,11.9,90537246,0,Recommended
2023-08-14,172.1,91832445,0,Recommended
2017-01-05,9354.1,105544360,0,Recommended
2022-01-20,1691.2,87440560,0,Recommended
2023-09-20,13.0,76384456287,0,Recommended
2021-02-11,7177.9,1203252100,0,Recommended
2022-10-29,638.0,62417129,0,Recommended
2021-06-07,2456.9,122070577,0,Recommended
2023-06-13,5.2,100641165,0,Recommended
2023-09-28,574.7,62813488326,0,Recommended
2021-11-03,3564.2,88761789,0,Recommended
2021-03-01,20201.4,20771181266,0,Recommended
2022-02-28,2054.6,65339971,0,Recommended
2016-07-05,8316.0,71516739,0,Recommended
2023-03-22,2400.5,88323144,0,Recommended
2021-01-06,201.1,16751030149,0,Recommended
2021-11-03,4428.4,51321410,0,Recommended
2017-03-02,1770.6,2561291,0,Recommended
2021-03-20,172.3,1631808121,0,Recommended
2021-06-24,155.2,84448972,0,Recommended
2021-09-01,194.2,102216628,0,Recommended
2016-10-19,2711.8,7334249450,0,Recommended
2020-11-02,1895.9,21331564346,0,Recommended
2019-11-04,8154.3,180222395,0,Recommended
2023-07-15,11.9,90537246,0,Recommended
2023-08-14,172.1,91832445,0,Recommended
2017-01-05,9354.1,105544360,0,Recommended
2022-01-20,1691.2,87440560,0,Recommended
2023-09-20,13.0,76384456287,0,Recommended
2021-02-11,7177.9,1203252100,0,Recommended
2022-10-29,638.0,62417129,0,Recommended
2021-06-07,2456.9,122070577,0,Recommended
2023-06-13,5.2,100641165,0,Recommended
2023-09-28,574.7,62813488326,0,Recommended
2021-11-03,3564.2,88761789,0,Recommended
2021-03-01,20201.4,20771181266,0,Recommended
2022-02-28,2054.6,65339971,0,Recommended
2016-07-05,8316.0,71516739,0,Recommended
2023-03-22,2400.5,88323144,0,Recommended
2021-01-06,201.1,16751030149,0,Recommended
2021-11-03,4428.4,51321410,0,Recommended
2017-03-02,1770.6,2561291,0,Recommended
2021-03-20,172.3,1631808121,0,Recommended
2021-06-24,155.2,84448972,0,Recommended
2021-09-01,194.2,102216628,0,Recommended
2024-06-30,10244.1,15117459,0,Recommended
2020-10-24,4340.8,787138413,0,Recommended
2024-03-24,10378.7,132130108,0,Recommended
2017-06-05,2415.3,12579357848,0,Recommended
2023-10-01,4858.8,111127268,0,Recommended
2021-11-02,3415.9,51654,0,Recommended
2020-08-17,73.0,64353991,0,Recommended
2016-02-17,946.4,921211228,0,Recommended
2016-10-19,2711.8,7334249450,0,Recommended
2020-11-02,1895.9,21331564346,0,Recommended
2019-11-04,8154.3,180222395,0,Recommended
2023-07-15,11.9,90537246,0,Recommended
2023-08-14,172.1,91832445,0,Recommended
2017-01-05,9354.1,105544360,0,Recommended
2022-01-20,1691.2,87440560,0,Recommended
2023-09-20,13.0,76384456287,0,Recommended
2021-02-11,7177.9,1203252100,0,Recommended
2022-10-29,638.0,62417129,0,Recommended
2021-06-07,2456.9,122070577,0,Recommended
2023-06-13,5.2,100641165,0,Recommended
2023-09-28,574.7,62813488326,0,Recommended
2021-11-03,3564.2,88761789,0,Recommended
2021-03-01,20201.4,20771181266,0,Recommended
2022-02-28,2054.6,65339971,0,Recommended
2016-07-05,8316.0,71516739,0,Recommended
2023-03-22,2400.5,88323144,0,Recommended
2021-01-06,201.1,16751030149,0,Recommended
2021-11-03,4428.4,51321410,0,Recommended
2017-03-02,1770.6,2561291,0,Recommended
2021-03-20,172.3,1631808121,0,Recommended
2021-06-24,155.2,84448972,0,Recommended
2021-09-01,194.2,102216628,0,Recommended
2024-06-30,10244.1,15117459,0,Recommended
2020-10-24,4340.8,787138413,0,Recommended
2024-03-24,10378.7,132130108,0,Recommended
2017-06-05,2415.3,12579357848,0,Recommended
2023-10-01,4858.8,111127268,0,Recommended
2021-11-02,3415.9,51654,0,Recommended
2020-08-17,73.0,64353991,0,Recommended
2016-02-17,946.4,921211228,0,Recommended
2024-04-25,1111.4,71435939,0,Recommended
2017-12-21,9621.4,2458824,0,Recommended
2024-06-17,54.4,103046343,0,Recommended
2020-09-09,196.7,797417124,0,Recommended
2020-08-10,239.0,1261962229,0,Recommended
2018-01-16,12584.3,3442689,0,Recommended
2019-06-29,2052.1,50191522,0,Recommended
2022-07-12,451.2,38716121,0,Recommended
2017-06-02,6669.6,8542440,0,Recommended
2016-10-19,2711.8,7334249450,0,Recommended
2020-11-02,1895.9,21331564346,0,Recommended
2019-11-04,8154.3,180222395,0,Recommended
2023-07-15,11.9,90537246,0,Recommended
2023-08-14,172.1,91832445,0,Recommended
2017-01-05,9354.1,105544360,0,Recommended
2022-01-20,1691.2,87440560,0,Recommended
2023-09-20,13.0,76384456287,0,Recommended
2021-02-11,7177.9,1203252100,0,Recommended
2022-10-29,638.0,62417129,0,Recommended
2021-06-07,2456.9,122070577,0,Recommended
2023-06-13,5.2,100641165,0,Recommended
2023-09-28,574.7,62813488326,0,Recommended
2021-11-03,3564.2,88761789,0,Recommended
2021-03-01,20201.4,20771181266,0,Recommended
2022-02-28,2054.6,65339971,0,Recommended
2016-07-05,8316.0,71516739,0,Recommended
2023-03-22,2400.5,88323144,0,Recommended
2021-01-06,201.1,16751030149,0,Recommended
2021-11-03,4428.4,51321410,0,Recommended
2017-03-02,1770.6,2561291,0,Recommended
2021-03-20,172.3,1631808121,0,Recommended
2021-06-24,155.2,84448972,0,Recommended
2021-09-01,194.2,102216628,0,Recommended
2024-06-30,10244.1,15117459,0,Recommended
2020-10-24,4340.8,787138413,0,Recommended
2024-03-24,10378.7,132130108,0,Recommended
2017-06-05,2415.3,12579357848,0,Recommended
2023-10-01,4858.8,111127268,0,Recommended
2021-11-02,3415.9,51654,0,Recommended
2020-08-17,73.0,64353991,0,Recommended
2016-02-17,946.4,921211228,0,Recommended
2024-04-25,1111.4,71435939,0,Recommended
2017-12-21,9621.4,2458824,0,Recommended
2024-06-17,54.4,103046343,0,Recommended
2020-09-09,196.7,797417124,0,Recommended
2020-08-10,239.0,1261962229,0,Recommended
2018-01-16,12584.3,3442689,0,Recommended
2019-06-29,2052.1,50191522,0,Recommended
2022-07-12,451.2,38716121,0,Recommended
2017-06-02,6669.6,8542440,0,Recommended
2014-03-15,3617.7,78662027,0,Recommended
2014-09-19,22887.1,91735840,0,Recommended
2020-03-08,2225.2,805827,0,Recommended
2019-02-21,4778.8,655665,0,Recommended
2024-07-03,163.8,71048064,0,Recommended
2023-09-28,1263.5,8932534,0,Recommended
2023-03-25,286.9,50331641,0,Recommended
2022-08-20,356.7,75142685,0,Recommended
2020-07-03,3091.3,2190,0,Recommended
2016-10-19,2711.8,7334249450,0,Recommended
2020-11-02,1895.9,21331564346,0,Recommended
2019-11-04,8154.3,180222395,0,Recommended
2023-07-15,11.9,90537246,0,Recommended
2023-08-14,172.1,91832445,0,Recommended
2017-01-05,9354.1,105544360,0,Recommended
2022-01-20,1691.2,87440560,0,Recommended
2023-09-20,13.0,76384456287,0,Recommended
2021-02-11,7177.9,1203252100,0,Recommended
2022-10-29,638.0,62417129,0,Recommended
2021-06-07,2456.9,122070577,0,Recommended
2023-06-13,5.2,100641165,0,Recommended
2023-09-28,574.7,62813488326,0,Recommended
2021-11-03,3564.2,88761789,0,Recommended
2021-03-01,20201.4,20771181266,0,Recommended
2022-02-28,2054.6,65339971,0,Recommended
2016-07-05,8316.0,71516739,0,Recommended
2023-03-22,2400.5,88323144,0,Recommended
2021-01-06,201.1,16751030149,0,Recommended
2021-11-03,4428.4,51321410,0,Recommended
2017-03-02,1770.6,2561291,0,Recommended
2021-03-20,172.3,1631808121,0,Recommended
2021-06-24,155.2,84448972,0,Recommended
2021-09-01,194.2,102216628,0,Recommended
2024-06-30,10244.1,15117459,0,Recommended
2020-10-24,4340.8,787138413,0,Recommended
2024-03-24,10378.7,132130108,0,Recommended
2017-06-05,2415.3,12579357848,0,Recommended
2023-10-01,4858.8,111127268,0,Recommended
2021-11-02,3415.9,51654,0,Recommended
2020-08-17,73.0,64353991,0,Recommended
2016-02-17,946.4,921211228,0,Recommended
2024-04-25,1111.4,71435939,0,Recommended
2017-12-21,9621.4,2458824,0,Recommended
2024-06-17,54.4,103046343,0,Recommended
2020-09-09,196.7,797417124,0,Recommended
2020-08-10,239.0,1261962229,0,Recommended
2018-01-16,12584.3,3442689,0,Recommended
2019-06-29,2052.1,50191522,0,Recommended
2022-07-12,451.2,38716121,0,Recommended
2017-06-02,6669.6,8542440,0,Recommended
2014-03-15,3617.7,78662027,0,Recommended
2014-09-19,22887.1,91735840,0,Recommended
2020-03-08,2225.2,805827,0,Recommended
2019-02-21,4778.8,655665,0,Recommended
2024-07-03,163.8,71048064,0,Recommended
2023-09-28,1263.5,8932534,0,Recommended
2023-03-25,286.9,50331641,0,Recommended
2022-08-20,356.7,75142685,0,Recommended
2020-07-03,3091.3,2190,0,Recommended
2024-04-13,2869.3,37725171,0,Recommended
2021-08-10,13774.9,54447759,0,Recommended
2021-07-12,578.0,54525032,0,Recommended
2021-10-13,171.8,62440237,0,Recommended
2018-11-24,3828.2,17514,0,Recommended
2021-04-02,210.2,4893012,0,Recommended
2023-02-09,1034.8,38213018,0,Recommended
2016-10-19,2711.8,7334249450,0,Recommended
2020-11-02,1895.9,21331564346,0,Recommended
2019-11-04,8154.3,180222395,0,Recommended
2023-07-15,11.9,90537246,0,Recommended
2023-08-14,172.1,91832445,0,Recommended
2017-01-05,9354.1,105544360,0,Recommended
2022-01-20,1691.2,87440560,0,Recommended
2023-09-20,13.0,76384456287,0,Recommended
2021-02-11,7177.9,1203252100,0,Recommended
2022-10-29,638.0,62417129,0,Recommended
2021-06-07,2456.9,122070577,0,Recommended
2023-06-13,5.2,100641165,0,Recommended
2023-09-28,574.7,62813488326,0,Recommended
2021-11-03,3564.2,88761789,0,Recommended
2021-03-01,20201.4,20771181266,0,Recommended
2022-02-28,2054.6,65339971,0,Recommended
2016-07-05,8316.0,71516739,0,Recommended
2023-03-22,2400.5,88323144,0,Recommended
2021-01-06,201.1,16751030149,0,Recommended
2021-11-03,4428.4,51321410,0,Recommended
2017-03-02,1770.6,2561291,0,Recommended
2021-03-20,172.3,1631808121,0,Recommended
2021-06-24,155.2,84448972,0,Recommended
2021-09-01,194.2,102216628,0,Recommended
2024-06-30,10244.1,15117459,0,Recommended
2020-10-24,4340.8,787138413,0,Recommended
2024-03-24,10378.7,132130108,0,Recommended
2017-06-05,2415.3,12579357848,0,Recommended
2023-10-01,4858.8,111127268,0,Recommended
2021-11-02,3415.9,51654,0,Recommended
2020-08-17,73.0,64353991,0,Recommended
2016-02-17,946.4,921211228,0,Recommended
2024-04-25,1111.4,71435939,0,Recommended
2017-12-21,9621.4,2458824,0,Recommended
2024-06-17,54.4,103046343,0,Recommended
2020-09-09,196.7,797417124,0,Recommended
2020-08-10,239.0,1261962229,0,Recommended
2018-01-16,12584.3,3442689,0,Recommended
2019-06-29,2052.1,50191522,0,Recommended
2022-07-12,451.2,38716121,0,Recommended
2017-06-02,6669.6,8542440,0,Recommended
2014-03-15,3617.7,78662027,0,Recommended
2014-09-19,22887.1,91735840,0,Recommended
2020-03-08,2225.2,805827,0,Recommended
2019-02-21,4778.8,655665,0,Recommended
2024-07-03,163.8,71048064,0,Recommended
2023-09-28,1263.5,8932534,0,Recommended
2023-03-25,286.9,50331641,0,Recommended
2022-08-20,356.7,75142685,0,Recommended
2020-07-03,3091.3,2190,0,Recommended
2024-04-13,2869.3,37725171,0,Recommended
2021-08-10,13774.9,54447759,0,Recommended
2021-07-12,578.0,54525032,0,Recommended
2021-10-13,171.8,62440237,0,Recommended
2018-11-24,3828.2,17514,0,Recommended
2021-04-02,210.2,4893012,0,Recommended
2023-02-09,1034.8,38213018,0,Recommended
2023-09-28,413.4,11593166700,0,Recommended
2024-01-10,6353.4,25934139,0,Recommended
2024-07-24,1482.3,3609870,0,Recommended
2021-12-28,2087.6,47510213,0,Recommended
2021-03-15,36.7,87527543,0,Recommended
2024-04-17,822.5,50728650,0,Recommended
2023-09-15,334.8,57173406240,0,Recommended
2023-09-28,560.3,12032129,0,Recommended
2017-11-23,2103.1,53124711,0,Recommended
2016-10-19,2711.8,7334249450,0,Recommended
2020-11-02,1895.9,21331564346,0,Recommended
2019-11-04,8154.3,180222395,0,Recommended
2023-07-15,11.9,90537246,0,Recommended
2023-08-14,172.1,91832445,0,Recommended
2017-01-05,9354.1,105544360,0,Recommended
2022-01-20,1691.2,87440560,0,Recommended
2023-09-20,13.0,76384456287,0,Recommended
2021-02-11,7177.9,1203252100,0,Recommended
2022-10-29,638.0,62417129,0,Recommended
2021-06-07,2456.9,122070577,0,Recommended
2023-06-13,5.2,100641165,0,Recommended
2023-09-28,574.7,62813488326,0,Recommended
2021-11-03,3564.2,88761789,0,Recommended
2021-03-01,20201.4,20771181266,0,Recommended
2022-02-28,2054.6,65339971,0,Recommended
2016-07-05,8316.0,71516739,0,Recommended
2023-03-22,2400.5,88323144,0,Recommended
2021-01-06,201.1,16751030149,0,Recommended
2021-11-03,4428.4,51321410,0,Recommended
2017-03-02,1770.6,2561291,0,Recommended
2021-03-20,172.3,1631808121,0,Recommended
2021-06-24,155.2,84448972,0,Recommended
2021-09-01,194.2,102216628,0,Recommended
2024-06-30,10244.1,15117459,0,Recommended
2020-10-24,4340.8,787138413,0,Recommended
2024-03-24,10378.7,132130108,0,Recommended
2017-06-05,2415.3,12579357848,0,Recommended
2023-10-01,4858.8,111127268,0,Recommended
2021-11-02,3415.9,51654,0,Recommended
2020-08-17,73.0,64353991,0,Recommended
2016-02-17,946.4,921211228,0,Recommended
2024-04-25,1111.4,71435939,0,Recommended
2017-12-21,9621.4,2458824,0,Recommended
2024-06-17,54.4,103046343,0,Recommended
2020-09-09,196.7,797417124,0,Recommended
2020-08-10,239.0,1261962229,0,Recommended
2018-01-16,12584.3,3442689,0,Recommended
2019-06-29,2052.1,50191522,0,Recommended
2022-07-12,451.2,38716121,0,Recommended
2017-06-02,6669.6,8542440,0,Recommended
2014-03-15,3617.7,78662027,0,Recommended
2014-09-19,22887.1,91735840,0,Recommended
2020-03-08,2225.2,805827,0,Recommended
2019-02-21,4778.8,655665,0,Recommended
2024-07-03,163.8,71048064,0,Recommended
2023-09-28,1263.5,8932534,0,Recommended
2023-03-25,286.9,50331641,0,Recommended
2022-08-20,356.7,75142685,0,Recommended
2020-07-03,3091.3,2190,0,Recommended
2024-04-13,2869.3,37725171,0,Recommended
2021-08-10,13774.9,54447759,0,Recommended
2021-07-12,578.0,54525032,0,Recommended
2021-10-13,171.8,62440237,0,Recommended
2018-11-24,3828.2,17514,0,Recommended
2021-04-02,210.2,4893012,0,Recommended
2023-02-09,1034.8,38213018,0,Recommended
2023-09-28,413.4,11593166700,0,Recommended
2024-01-10,6353.4,25934139,0,Recommended
2024-07-24,1482.3,3609870,0,Recommended
2021-12-28,2087.6,47510213,0,Recommended
2021-03-15,36.7,87527543,0,Recommended
2024-04-17,822.5,50728650,0,Recommended
2023-09-15,334.8,57173406240,0,Recommended
2023-09-28,560.3,12032129,0,Recommended
2017-11-23,2103.1,53124711,0,Recommended
2023-08-20,2394.2,88524347,0,Recommended
2024-08-14,639.5,48613631,0,Recommended
2023-06-14,6768.3,2699511,0,Recommended
2020-07-20,638.0,51716261,0,Recommended
2024-10-03,2017.5,108530201,0,Recommended
2021-02-04,7.8,78566496,0,Recommended
2023-11-26,5.6,92253773,0,Recommended
2020-09-04,727.2,10781031195,0,Recommended
2016-07-29,1151.4,1656184125,0,Recommended
2016-10-19,2711.8,7334249450,0,Recommended
2020-11-02,1895.9,21331564346,0,Recommended
2019-11-04,8154.3,180222395,0,Recommended
2023-07-15,11.9,90537246,0,Recommended
2023-08-14,172.1,91832445,0,Recommended
2017-01-05,9354.1,105544360,0,Recommended
2022-01-20,1691.2,87440560,0,Recommended
2023-09-20,13.0,76384456287,0,Recommended
2021-02-11,7177.9,1203252100,0,Recommended
2022-10-29,638.0,62417129,0,Recommended
2021-06-07,2456.9,122070577,0,Recommended
2023-06-13,5.2,100641165,0,Recommended
2023-09-28,574.7,62813488326,0,Recommended
2021-11-03,3564.2,88761789,0,Recommended
2021-03-01,20201.4,20771181266,0,Recommended
2022-02-28,2054.6,65339971,0,Recommended
2016-07-05,8316.0,71516739,0,Recommended
2023-03-22,2400.5,88323144,0,Recommended
2021-01-06,201.1,16751030149,0,Recommended
2021-11-03,4428.4,51321410,0,Recommended
2017-03-02,1770.6,2561291,0,Recommended
2021-03-20,172.3,1631808121,0,Recommended
2021-06-24,155.2,84448972,0,Recommended
2021-09-01,194.2,102216628,0,Recommended
2024-06-30,10244.1,15117459,0,Recommended
2020-10-24,4340.8,787138413,0,Recommended
2024-03-24,10378.7,132130108,0,Recommended
2017-06-05,2415.3,12579357848,0,Recommended
2023-10-01,4858.8,111127268,0,Recommended
2021-11-02,3415.9,51654,0,Recommended
2020-08-17,73.0,64353991,0,Recommended
2016-02-17,946.4,921211228,0,Recommended
2024-04-25,1111.4,71435939,0,Recommended
2017-12-21,9621.4,2458824,0,Recommended
2024-06-17,54.4,103046343,0,Recommended
2020-09-09,196.7,797417124,0,Recommended
2020-08-10,239.0,1261962229,0,Recommended
2018-01-16,12584.3,3442689,0,Recommended
2019-06-29,2052.1,50191522,0,Recommended
2022-07-12,451.2,38716121,0,Recommended
2017-06-02,6669.6,8542440,0,Recommended
2014-03-15,3617.7,78662027,0,Recommended
2014-09-19,22887.1,91735840,0,Recommended
2020-03-08,2225.2,805827,0,Recommended
2019-02-21,4778.8,655665,0,Recommended
2024-07-03,163.8,71048064,0,Recommended
2023-09-28,1263.5,8932534,0,Recommended
2023-03-25,286.9,50331641,0,Recommended
2022-08-20,356.7,75142685,0,Recommended
2020-07-03,3091.3,2190,0,Recommended
2024-04-13,2869.3,37725171,0,Recommended
2021-08-10,13774.9,54447759,0,Recommended
2021-07-12,578.0,54525032,0,Recommended
2021-10-13,171.8,62440237,0,Recommended
2018-11-24,3828.2,17514,0,Recommended
2021-04-02,210.2,4893012,0,Recommended
2023-02-09,1034.8,38213018,0,Recommended
2023-09-28,413.4,11593166700,0,Recommended
2024-01-10,6353.4,25934139,0,Recommended
2024-07-24,1482.3,3609870,0,Recommended
2021-12-28,2087.6,47510213,0,Recommended
2021-03-15,36.7,87527543,0,Recommended
2024-04-17,822.5,50728650,0,Recommended
2023-09-15,334.8,57173406240,0,Recommended
2023-09-28,560.3,12032129,0,Recommended
2017-11-23,2103.1,53124711,0,Recommended
2023-08-20,2394.2,88524347,0,Recommended
2024-08-14,639.5,48613631,0,Recommended
2023-06-14,6768.3,2699511,0,Recommended
2020-07-20,638.0,51716261,0,Recommended
2024-10-03,2017.5,108530201,0,Recommended
2021-02-04,7.8,78566496,0,Recommended
2023-11-26,5.6,92253773,0,Recommended
2020-09-04,727.2,10781031195,0,Recommended
2016-07-29,1151.4,1656184125,0,Recommended
2022-11-29,8496.9,62422488,0,Recommended
2017-02-22,25685.5,107381813,0,Recommended
2023-07-26,1694.8,35822016,0,Recommended
2018-08-17,542.7,9214545,0,Recommended
2022-04-30,417.3,32017212,0,Recommended
2022-07-06,46.0,59033533,0,Recommended
2022-01-24,1334.6,56023660,0,Recommended
2023-09-28,4.6,11361028,0,Recommended
2016-10-19,2711.8,7334249450,0,Recommended
2020-11-02,1895.9,21331564346,0,Recommended
2019-11-04,8154.3,180222395,0,Recommended
2023-07-15,11.9,90537246,0,Recommended
2023-08-14,172.1,91832445,0,Recommended
2017-01-05,9354.1,105544360,0,Recommended
2022-01-20,1691.2,87440560,0,Recommended
2023-09-20,13.0,76384456287,0,Recommended
2021-02-11,7177.9,1203252100,0,Recommended
2022-10-29,638.0,62417129,0,Recommended
2021-06-07,2456.9,122070577,0,Recommended
2023-06-13,5.2,100641165,0,Recommended
2023-09-28,574.7,62813488326,0,Recommended
2021-11-03,3564.2,88761789,0,Recommended
2021-03-01,20201.4,20771181266,0,Recommended
2022-02-28,2054.6,65339971,0,Recommended
2016-07-05,8316.0,71516739,0,Recommended
2023-03-22,2400.5,88323144,0,Recommended
2021-01-06,201.1,16751030149,0,Recommended
2021-11-03,4428.4,51321410,0,Recommended
2017-03-02,1770.6,2561291,0,Recommended
2021-03-20,172.3,1631808121,0,Recommended
2021-06-24,155.2,84448972,0,Recommended
2021-09-01,194.2,102216628,0,Recommended
2024-06-30,10244.1,15117459,0,Recommended
2020-10-24,4340.8,787138413,0,Recommended
2024-03-24,10378.7,132130108,0,Recommended
2017-06-05,2415.3,12579357848,0,Recommended
2023-10-01,4858.8,111127268,0,Recommended
2021-11-02,3415.9,51654,0,Recommended
2020-08-17,73.0,64353991,0,Recommended
2016-02-17,946.4,921211228,0,Recommended
2024-04-25,1111.4,71435939,0,Recommended
2017-12-21,9621.4,2458824,0,Recommended
2024-06-17,54.4,103046343,0,Recommended
2020-09-09,196.7,797417124,0,Recommended
2020-08-10,239.0,1261962229,0,Recommended
2018-01-16,12584.3,3442689,0,Recommended
2019-06-29,2052.1,50191522,0,Recommended
2022-07-12,451.2,38716121,0,Recommended
2017-06-02,6669.6,8542440,0,Recommended
2014-03-15,3617.7,78662027,0,Recommended
2014-09-19,22887.1,91735840,0,Recommended
2020-03-08,2225.2,805827,0,Recommended
2019-02-21,4778.8,655665,0,Recommended
2024-07-03,163.8,71048064,0,Recommended
2023-09-28,1263.5,8932534,0,Recommended
2023-03-25,286.9,50331641,0,Recommended
2022-08-20,356.7,75142685,0,Recommended
2020-07-03,3091.3,2190,0,Recommended
2024-04-13,2869.3,37725171,0,Recommended
2021-08-10,13774.9,54447759,0,Recommended
2021-07-12,578.0,54525032,0,Recommended
2021-10-13,171.8,62440237,0,Recommended
2018-11-24,3828.2,17514,0,Recommended
2021-04-02,210.2,4893012,0,Recommended
2023-02-09,1034.8,38213018,0,Recommended
2023-09-28,413.4,11593166700,0,Recommended
2024-01-10,6353.4,25934139,0,Recommended
2024-07-24,1482.3,3609870,0,Recommended
2021-12-28,2087.6,47510213,0,Recommended
2021-03-15,36.7,87527543,0,Recommended
2024-04-17,822.5,50728650,0,Recommended
2023-09-15,334.8,57173406240,0,Recommended
2023-09-28,560.3,12032129,0,Recommended
2017-11-23,2103.1,53124711,0,Recommended
2023-08-20,2394.2,88524347,0,Recommended
2024-08-14,639.5,48613631,0,Recommended
2023-06-14,6768.3,2699511,0,Recommended
2020-07-20,638.0,51716261,0,Recommended
2024-10-03,2017.5,108530201,0,Recommended
2021-02-04,7.8,78566496,0,Recommended
2023-11-26,5.6,92253773,0,Recommended
2020-09-04,727.2,10781031195,0,Recommended
2016-07-29,1151.4,1656184125,0,Recommended
2022-11-29,8496.9,62422488,0,Recommended
2017-02-22,25685.5,107381813,0,Recommended
2023-07-26,1694.8,35822016,0,Recommended
2018-08-17,542.7,9214545,0,Recommended
2022-04-30,417.3,32017212,0,Recommended
2022-07-06,46.0,59033533,0,Recommended
2022-01-24,1334.6,56023660,0,Recommended
2023-09-28,4.6,11361028,0,Recommended
2022-08-31,2218.5,39021335,0,Recommended
2024-08-19,47.7,6992598,0,Recommended
2019-12-09,3526.3,93711331,0,Recommended
2023-09-29,4387.9,15059278,0,Recommended
2021-06-29,1979.0,4873118,0,Recommended
2018-08-31,1076.1,6655743,0,Recommended
2019-09-29,6614.6,3992834,0,Recommended
2024-09-26,142.6,77718116,0,Recommended
2016-10-19,2711.8,7334249450,0,Recommended
2020-11-02,1895.9,21331564346,0,Recommended
2019-11-04,8154.3,180222395,0,Recommended
2023-07-15,11.9,90537246,0,Recommended
2023-08-14,172.1,91832445,0,Recommended
2017-01-05,9354.1,105544360,0,Recommended
2022-01-20,1691.2,87440560,0,Recommended
2023-09-20,13.0,76384456287,0,Recommended
2021-02-11,7177.9,1203252100,0,Recommended
2022-10-29,638.0,62417129,0,Recommended
2021-06-07,2456.9,122070577,0,Recommended
2023-06-13,5.2,100641165,0,Recommended
2023-09-28,574.7,62813488326,0,Recommended
2021-11-03,3564.2,88761789,0,Recommended
2021-03-01,20201.4,20771181266,0,Recommended
2022-02-28,2054.6,65339971,0,Recommended
2016-07-05,8316.0,71516739,0,Recommended
2023-03-22,2400.5,88323144,0,Recommended
2021-01-06,201.1,16751030149,0,Recommended
2021-11-03,4428.4,51321410,0,Recommended
2017-03-02,1770.6,2561291,0,Recommended
2021-03-20,172.3,1631808121,0,Recommended
2021-06-24,155.2,84448972,0,Recommended
2021-09-01,194.2,102216628,0,Recommended
2024-06-30,10244.1,15117459,0,Recommended
2020-10-24,4340.8,787138413,0,Recommended
2024-03-24,10378.7,132130108,0,Recommended
2017-06-05,2415.3,12579357848,0,Recommended
2023-10-01,4858.8,111127268,0,Recommended
2021-11-02,3415.9,51654,0,Recommended
2020-08-17,73.0,64353991,0,Recommended
2016-02-17,946.4,921211228,0,Recommended
2024-04-25,1111.4,71435939,0,Recommended
2017-12-21,9621.4,2458824,0,Recommended
2024-06-17,54.4,103046343,0,Recommended
2020-09-09,196.7,797417124,0,Recommended
2020-08-10,239.0,1261962229,0,Recommended
2018-01-16,12584.3,3442689,0,Recommended
2019-06-29,2052.1,50191522,0,Recommended
2022-07-12,451.2,38716121,0,Recommended
2017-06-02,6669.6,8542440,0,Recommended
2014-03-15,3617.7,78662027,0,Recommended
2014-09-19,22887.1,91735840,0,Recommended
2020-03-08,2225.2,805827,0,Recommended
2019-02-21,4778.8,655665,0,Recommended
2024-07-03,163.8,71048064,0,Recommended
2023-09-28,1263.5,8932534,0,Recommended
2023-03-25,286.9,50331641,0,Recommended
2022-08-20,356.7,75142685,0,Recommended
2020-07-03,3091.3,2190,0,Recommended
2024-04-13,2869.3,37725171,0,Recommended
2021-08-10,13774.9,54447759,0,Recommended
2021-07-12,578.0,54525032,0,Recommended
2021-10-13,171.8,62440237,0,Recommended
2018-11-24,3828.2,17514,0,Recommended
2021-04-02,210.2,4893012,0,Recommended
2023-02-09,1034.8,38213018,0,Recommended
2023-09-28,413.4,11593166700,0,Recommended
2024-01-10,6353.4,25934139,0,Recommended
2024-07-24,1482.3,3609870,0,Recommended
2021-12-28,2087.6,47510213,0,Recommended
2021-03-15,36.7,87527543,0,Recommended
2024-04-17,822.5,50728650,0,Recommended
2023-09-15,334.8,57173406240,0,Recommended
2023-09-28,560.3,12032129,0,Recommended
2017-11-23,2103.1,53124711,0,Recommended
2023-08-20,2394.2,88524347,0,Recommended
2024-08-14,639.5,48613631,0,Recommended
2023-06-14,6768.3,2699511,0,Recommended
2020-07-20,638.0,51716261,0,Recommended
2024-10-03,2017.5,108530201,0,Recommended
2021-02-04,7.8,78566496,0,Recommended
2023-11-26,5.6,92253773,0,Recommended
2020-09-04,727.2,10781031195,0,Recommended
2016-07-29,1151.4,1656184125,0,Recommended
2022-11-29,8496.9,62422488,0,Recommended
2017-02-22,25685.5,107381813,0,Recommended
2023-07-26,1694.8,35822016,0,Recommended
2018-08-17,542.7,9214545,0,Recommended
2022-04-30,417.3,32017212,0,Recommended
2022-07-06,46.0,59033533,0,Recommended
2022-01-24,1334.6,56023660,0,Recommended
2023-09-28,4.6,11361028,0,Recommended
2022-08-31,2218.5,39021335,0,Recommended
2024-08-19,47.7,6992598,0,Recommended
2019-12-09,3526.3,93711331,0,Recommended
2023-09-29,4387.9,15059278,0,Recommended
2021-06-29,1979.0,4873118,0,Recommended
2018-08-31,1076.1,6655743,0,Recommended
2019-09-29,6614.6,3992834,0,Recommended
2024-09-26,142.6,77718116,0,Recommended
2020-03-11,317.0,421374,0,Recommended
2021-10-13,1331.9,60129822,0,Recommended
2023-03-28,253.6,60139144,0,Recommended
2022-06-06,5654.3,3042331,0,Recommended
2021-06-10,3428.4,3934538,0,Recommended
2016-11-27,3225.1,324156,0,Recommended
2014-08-09,4331.4,4521531,0,Recommended
2020-09-23,10198.4,4412768,0,Recommended
2018-02-17,208.6,688881,0,Recommended
2016-10-19,2711.8,7334249450,0,Recommended
2020-11-02,1895.9,21331564346,0,Recommended
2019-11-04,8154.3,180222395,0,Recommended
2023-07-15,11.9,90537246,0,Recommended
2023-08-14,172.1,91832445,0,Recommended
2017-01-05,9354.1,105544360,0,Recommended
2022-01-20,1691.2,87440560,0,Recommended
2023-09-20,13.0,76384456287,0,Recommended
2021-02-11,7177.9,1203252100,0,Recommended
2022-10-29,638.0,62417129,0,Recommended
2021-06-07,2456.9,122070577,0,Recommended
2023-06-13,5.2,100641165,0,Recommended
2023-09-28,574.7,62813488326,0,Recommended
2021-11-03,3564.2,88761789,0,Recommended
2021-03-01,20201.4,20771181266,0,Recommended
2022-02-28,2054.6,65339971,0,Recommended
2016-07-05,8316.0,71516739,0,Recommended
2023-03-22,2400.5,88323144,0,Recommended
2021-01-06,201.1,16751030149,0,Recommended
2021-11-03,4428.4,51321410,0,Recommended
2017-03-02,1770.6,2561291,0,Recommended
2021-03-20,172.3,1631808121,0,Recommended
2021-06-24,155.2,84448972,0,Recommended
2021-09-01,194.2,102216628,0,Recommended
2024-06-30,10244.1,15117459,0,Recommended
2020-10-24,4340.8,787138413,0,Recommended
2024-03-24,10378.7,132130108,0,Recommended
2017-06-05,2415.3,12579357848,0,Recommended
2023-10-01,4858.8,111127268,0,Recommended
2021-11-02,3415.9,51654,0,Recommended
2020-08-17,73.0,64353991,0,Recommended
2016-02-17,946.4,921211228,0,Recommended
2024-04-25,1111.4,71435939,0,Recommended
2017-12-21,9621.4,2458824,0,Recommended
2024-06-17,54.4,103046343,0,Recommended
2020-09-09,196.7,797417124,0,Recommended
2020-08-10,239.0,1261962229,0,Recommended
2018-01-16,12584.3,3442689,0,Recommended
2019-06-29,2052.1,50191522,0,Recommended
2022-07-12,451.2,38716121,0,Recommended
2017-06-02,6669.6,8542440,0,Recommended
2014-03-15,3617.7,78662027,0,Recommended
2014-09-19,22887.1,91735840,0,Recommended
2020-03-08,2225.2,805827,0,Recommended
2019-02-21,4778.8,655665,0,Recommended
2024-07-03,163.8,71048064,0,Recommended
2023-09-28,1263.5,8932534,0,Recommended
2023-03-25,286.9,50331641,0,Recommended
2022-08-20,356.7,75142685,0,Recommended
2020-07-03,3091.3,2190,0,Recommended
2024-04-13,2869.3,37725171,0,Recommended
2021-08-10,13774.9,54447759,0,Recommended
2021-07-12,578.0,54525032,0,Recommended
2021-10-13,171.8,62440237,0,Recommended
2018-11-24,3828.2,17514,0,Recommended
2021-04-02,210.2,4893012,0,Recommended
2023-02-09,1034.8,38213018,0,Recommended
2023-09-28,413.4,11593166700,0,Recommended
2024-01-10,6353.4,25934139,0,Recommended
2024-07-24,1482.3,3609870,0,Recommended
2021-12-28,2087.6,47510213,0,Recommended
2021-03-15,36.7,87527543,0,Recommended
2024-04-17,822.5,50728650,0,Recommended
2023-09-15,334.8,57173406240,0,Recommended
2023-09-28,560.3,12032129,0,Recommended
2017-11-23,2103.1,53124711,0,Recommended
2023-08-20,2394.2,88524347,0,Recommended
2024-08-14,639.5,48613631,0,Recommended
2023-06-14,6768.3,2699511,0,Recommended
2020-07-20,638.0,51716261,0,Recommended
2024-10-03,2017.5,108530201,0,Recommended
2021-02-04,7.8,78566496,0,Recommended
2023-11-26,5.6,92253773,0,Recommended
2020-09-04,727.2,10781031195,0,Recommended
2016-07-29,1151.4,1656184125,0,Recommended
2022-11-29,8496.9,62422488,0,Recommended
2017-02-22,25685.5,107381813,0,Recommended
2023-07-26,1694.8,35822016,0,Recommended
2018-08-17,542.7,9214545,0,Recommended
2022-04-30,417.3,32017212,0,Recommended
2022-07-06,46.0,59033533,0,Recommended
2022-01-24,1334.6,56023660,0,Recommended
2023-09-28,4.6,11361028,0,Recommended
2022-08-31,2218.5,39021335,0,Recommended
2024-08-19,47.7,6992598,0,Recommended
2019-12-09,3526.3,93711331,0,Recommended
2023-09-29,4387.9,15059278,0,Recommended
2021-06-29,1979.0,4873118,0,Recommended
2018-08-31,1076.1,6655743,0,Recommended
2019-09-29,6614.6,3992834,0,Recommended
2024-09-26,142.6,77718116,0,Recommended
2020-03-11,317.0,421374,0,Recommended
2021-10-13,1331.9,60129822,0,Recommended
2023-03-28,253.6,60139144,0,Recommended
2022-06-06,5654.3,3042331,0,Recommended
2021-06-10,3428.4,3934538,0,Recommended
2016-11-27,3225.1,324156,0,Recommended
2014-08-09,4331.4,4521531,0,Recommended
2020-09-23,10198.4,4412768,0,Recommended
2018-02-17,208.6,688881,0,Recommended
2020-07-12,323.7,584710128,0,Recommended
2023-04-17,6314.3,39118733,0,Recommended
2023-07-23,50.4,64220121,0,Recommended
2018-10-30,2142.6,351252,0,Recommended
2023-12-24,3195.7,154749157,0,Recommended
2016-07-15,3038.0,16412520,0,Recommended
2021-03-24,766.6,38923427,0,Recommended
2021-02-23,493.7,3985122,0,Recommended
2018-10-15,2366.0,6935781,0,Recommended
2019-10-06,1868.3,313670,0,Recommended
2016-10-19,2711.8,7334249450,0,Recommended
2020-11-02,1895.9,21331564346,0,Recommended
2019-11-04,8154.3,180222395,0,Recommended
2023-07-15,11.9,90537246,0,Recommended
2023-08-14,172.1,91832445,0,Recommended
2017-01-05,9354.1,105544360,0,Recommended
2022-01-20,1691.2,87440560,0,Recommended
2023-09-20,13.0,76384456287,0,Recommended
2021-02-11,7177.9,1203252100,0,Recommended
2022-10-29,638.0,62417129,0,Recommended
2021-06-07,2456.9,122070577,0,Recommended
2023-06-13,5.2,100641165,0,Recommended
2023-09-28,574.7,62813488326,0,Recommended
2021-11-03,3564.2,88761789,0,Recommended
2021-03-01,20201.4,20771181266,0,Recommended
2022-02-28,2054.6,65339971,0,Recommended
2016-07-05,8316.0,71516739,0,Recommended
2023-03-22,2400.5,88323144,0,Recommended
2021-01-06,201.1,16751030149,0,Recommended
2021-11-03,4428.4,51321410,0,Recommended
2017-03-02,1770.6,2561291,0,Recommended
2021-03-20,172.3,1631808121,0,Recommended
2021-06-24,155.2,84448972,0,Recommended
2021-09-01,194.2,102216628,0,Recommended
2024-06-30,10244.1,15117459,0,Recommended
2020-10-24,4340.8,787138413,0,Recommended
2024-03-24,10378.7,132130108,0,Recommended
2017-06-05,2415.3,12579357848,0,Recommended
2023-10-01,4858.8,111127268,0,Recommended
2021-11-02,3415.9,51654,0,Recommended
2020-08-17,73.0,64353991,0,Recommended
2016-02-17,946.4,921211228,0,Recommended
2024-04-25,1111.4,71435939,0,Recommended
2017-12-21,9621.4,2458824,0,Recommended
2024-06-17,54.4,103046343,0,Recommended
2020-09-09,196.7,797417124,0,Recommended
2020-08-10,239.0,1261962229,0,Recommended
2018-01-16,12584.3,3442689,0,Recommended
2019-06-29,2052.1,50191522,0,Recommended
2022-07-12,451.2,38716121,0,Recommended
2017-06-02,6669.6,8542440,0,Recommended
2014-03-15,3617.7,78662027,0,Recommended
2014-09-19,22887.1,91735840,0,Recommended
2020-03-08,2225.2,805827,0,Recommended
2019-02-21,4778.8,655665,0,Recommended
2024-07-03,163.8,71048064,0,Recommended
2023-09-28,1263.5,8932534,0,Recommended
2023-03-25,286.9,50331641,0,Recommended
2022-08-20,356.7,75142685,0,Recommended
2020-07-03,3091.3,2190,0,Recommended
2024-04-13,2869.3,37725171,0,Recommended
2021-08-10,13774.9,54447759,0,Recommended
2021-07-12,578.0,54525032,0,Recommended
2021-10-13,171.8,62440237,0,Recommended
2018-11-24,3828.2,17514,0,Recommended
2021-04-02,210.2,4893012,0,Recommended
2023-02-09,1034.8,38213018,0,Recommended
2023-09-28,413.4,11593166700,0,Recommended
2024-01-10,6353.4,25934139,0,Recommended
2024-07-24,1482.3,3609870,0,Recommended
2021-12-28,2087.6,47510213,0,Recommended
2021-03-15,36.7,87527543,0,Recommended
2024-04-17,822.5,50728650,0,Recommended
2023-09-15,334.8,57173406240,0,Recommended
2023-09-28,560.3,12032129,0,Recommended
2017-11-23,2103.1,53124711,0,Recommended
2023-08-20,2394.2,88524347,0,Recommended
2024-08-14,639.5,48613631,0,Recommended
2023-06-14,6768.3,2699511,0,Recommended
2020-07-20,638.0,51716261,0,Recommended
2024-10-03,2017.5,108530201,0,Recommended
2021-02-04,7.8,78566496,0,Recommended
2023-11-26,5.6,92253773,0,Recommended
2020-09-04,727.2,10781031195,0,Recommended
2016-07-29,1151.4,1656184125,0,Recommended
2022-11-29,8496.9,62422488,0,Recommended
2017-02-22,25685.5,107381813,0,Recommended
2023-07-26,1694.8,35822016,0,Recommended
2018-08-17,542.7,9214545,0,Recommended
2022-04-30,417.3,32017212,0,Recommended
2022-07-06,46.0,59033533,0,Recommended
2022-01-24,1334.6,56023660,0,Recommended
2023-09-28,4.6,11361028,0,Recommended
2022-08-31,2218.5,39021335,0,Recommended
2024-08-19,47.7,6992598,0,Recommended
2019-12-09,3526.3,93711331,0,Recommended
2023-09-29,4387.9,15059278,0,Recommended
2021-06-29,1979.0,4873118,0,Recommended
2018-08-31,1076.1,6655743,0,Recommended
2019-09-29,6614.6,3992834,0,Recommended
2024-09-26,142.6,77718116,0,Recommended
2020-03-11,317.0,421374,0,Recommended
2021-10-13,1331.9,60129822,0,Recommended
2023-03-28,253.6,60139144,0,Recommended
2022-06-06,5654.3,3042331,0,Recommended
2021-06-10,3428.4,3934538,0,Recommended
2016-11-27,3225.1,324156,0,Recommended
2014-08-09,4331.4,4521531,0,Recommended
2020-09-23,10198.4,4412768,0,Recommended
2018-02-17,208.6,688881,0,Recommended
2020-07-12,323.7,584710128,0,Recommended
2023-04-17,6314.3,39118733,0,Recommended
2023-07-23,50.4,64220121,0,Recommended
2018-10-30,2142.6,351252,0,Recommended
2023-12-24,3195.7,154749157,0,Recommended
2016-07-15,3038.0,16412520,0,Recommended
2021-03-24,766.6,38923427,0,Recommended
2021-02-23,493.7,3985122,0,Recommended
2018-10-15,2366.0,6935781,0,Recommended
2019-10-06,1868.3,313670,0,Recommended
2024-06-29,4008.2,87427689,0,Recommended
2021-03-04,3217.1,16534,0,Recommended
2022-01-09,42.1,20611,0,Recommended
2021-04-24,11.2,98748735,0,Recommended
2019-06-06,1113.9,20775,0,Recommended
2022-04-25,770.4,39212929,0,Recommended
2015-01-15,1196.8,282835247,0,Recommended
2021-11-27,1158.3,4033027,0,Recommended
2022-08-12,14.0,65026146,0,Recommended
2016-10-19,2711.8,7334249450,0,Recommended
2020-11-02,1895.9,21331564346,0,Recommended
2019-11-04,8154.3,180222395,0,Recommended
2023-07-15,11.9,90537246,0,Recommended
2023-08-14,172.1,91832445,0,Recommended
2017-01-05,9354.1,105544360,0,Recommended
2022-01-20,1691.2,87440560,0,Recommended
2023-09-20,13.0,76384456287,0,Recommended
2021-02-11,7177.9,1203252100,0,Recommended
2022-10-29,638.0,62417129,0,Recommended
2021-06-07,2456.9,122070577,0,Recommended
2023-06-13,5.2,100641165,0,Recommended
2023-09-28,574.7,62813488326,0,Recommended
2021-11-03,3564.2,88761789,0,Recommended
2021-03-01,20201.4,20771181266,0,Recommended
2022-02-28,2054.6,65339971,0,Recommended
2016-07-05,8316.0,71516739,0,Recommended
2023-03-22,2400.5,88323144,0,Recommended
2021-01-06,201.1,16751030149,0,Recommended
2021-11-03,4428.4,51321410,0,Recommended
2017-03-02,1770.6,2561291,0,Recommended
2021-03-20,172.3,1631808121,0,Recommended
2021-06-24,155.2,84448972,0,Recommended
2021-09-01,194.2,102216628,0,Recommended
2024-06-30,10244.1,15117459,0,Recommended
2020-10-24,4340.8,787138413,0,Recommended
2024-03-24,10378.7,132130108,0,Recommended
2017-06-05,2415.3,12579357848,0,Recommended
2023-10-01,4858.8,111127268,0,Recommended
2021-11-02,3415.9,51654,0,Recommended
2020-08-17,73.0,64353991,0,Recommended
2016-02-17,946.4,921211228,0,Recommended
2024-04-25,1111.4,71435939,0,Recommended
2017-12-21,9621.4,2458824,0,Recommended
2024-06-17,54.4,103046343,0,Recommended
2020-09-09,196.7,797417124,0,Recommended
2020-08-10,239.0,1261962229,0,Recommended
2018-01-16,12584.3,3442689,0,Recommended
2019-06-29,2052.1,50191522,0,Recommended
2022-07-12,451.2,38716121,0,Recommended
2017-06-02,6669.6,8542440,0,Recommended
2014-03-15,3617.7,78662027,0,Recommended
2014-09-19,22887.1,91735840,0,Recommended
2020-03-08,2225.2,805827,0,Recommended
2019-02-21,4778.8,655665,0,Recommended
2024-07-03,163.8,71048064,0,Recommended
2023-09-28,1263.5,8932534,0,Recommended
2023-03-25,286.9,50331641,0,Recommended
2022-08-20,356.7,75142685,0,Recommended
2020-07-03,3091.3,2190,0,Recommended
2024-04-13,2869.3,37725171,0,Recommended
2021-08-10,13774.9,54447759,0,Recommended
2021-07-12,578.0,54525032,0,Recommended
2021-10-13,171.8,62440237,0,Recommended
2018-11-24,3828.2,17514,0,Recommended
2021-04-02,210.2,4893012,0,Recommended
2023-02-09,1034.8,38213018,0,Recommended
2023-09-28,413.4,11593166700,0,Recommended
2024-01-10,6353.4,25934139,0,Recommended
2024-07-24,1482.3,3609870,0,Recommended
2021-12-28,2087.6,47510213,0,Recommended
2021-03-15,36.7,87527543,0,Recommended
2024-04-17,822.5,50728650,0,Recommended
2023-09-15,334.8,57173406240,0,Recommended
2023-09-28,560.3,12032129,0,Recommended
2017-11-23,2103.1,53124711,0,Recommended
2023-08-20,2394.2,88524347,0,Recommended
2024-08-14,639.5,48613631,0,Recommended
2023-06-14,6768.3,2699511,0,Recommended
2020-07-20,638.0,51716261,0,Recommended
2024-10-03,2017.5,108530201,0,Recommended
2021-02-04,7.8,78566496,0,Recommended
2023-11-26,5.6,92253773,0,Recommended
2020-09-04,727.2,10781031195,0,Recommended
2016-07-29,1151.4,1656184125,0,Recommended
2022-11-29,8496.9,62422488,0,Recommended
2017-02-22,25685.5,107381813,0,Recommended
2023-07-26,1694.8,35822016,0,Recommended
2018-08-17,542.7,9214545,0,Recommended
2022-04-30,417.3,32017212,0,Recommended
2022-07-06,46.0,59033533,0,Recommended
2022-01-24,1334.6,56023660,0,Recommended
2023-09-28,4.6,11361028,0,Recommended
2022-08-31,2218.5,39021335,0,Recommended
2024-08-19,47.7,6992598,0,Recommended
2019-12-09,3526.3,93711331,0,Recommended
2023-09-29,4387.9,15059278,0,Recommended
2021-06-29,1979.0,4873118,0,Recommended
2018-08-31,1076.1,6655743,0,Recommended
2019-09-29,6614.6,3992834,0,Recommended
2024-09-26,142.6,77718116,0,Recommended
2020-03-11,317.0,421374,0,Recommended
2021-10-13,1331.9,60129822,0,Recommended
2023-03-28,253.6,60139144,0,Recommended
2022-06-06,5654.3,3042331,0,Recommended
2021-06-10,3428.4,3934538,0,Recommended
2016-11-27,3225.1,324156,0,Recommended
2014-08-09,4331.4,4521531,0,Recommended
2020-09-23,10198.4,4412768,0,Recommended
2018-02-17,208.6,688881,0,Recommended
2020-07-12,323.7,584710128,0,Recommended
2023-04-17,6314.3,39118733,0,Recommended
2023-07-23,50.4,64220121,0,Recommended
2018-10-30,2142.6,351252,0,Recommended
2023-12-24,3195.7,154749157,0,Recommended
2016-07-15,3038.0,16412520,0,Recommended
2021-03-24,766.6,38923427,0,Recommended
2021-02-23,493.7,3985122,0,Recommended
2018-10-15,2366.0,6935781,0,Recommended
2019-10-06,1868.3,313670,0,Recommended
2024-06-29,4008.2,87427689,0,Recommended
2021-03-04,3217.1,16534,0,Recommended
2022-01-09,42.1,20611,0,Recommended
2021-04-24,11.2,98748735,0,Recommended
2019-06-06,1113.9,20775,0,Recommended
2022-04-25,770.4,39212929,0,Recommended
2015-01-15,1196.8,282835247,0,Recommended
2021-11-27,1158.3,4033027,0,Recommended
2022-08-12,14.0,65026146,0,Recommended
2023-09-11,498.6,49562184219,0,Recommended
2021-01-18,3018.0,53513513,0,Recommended
2020-03-20,2594.2,315250,0,Recommended
2023-04-05,793.7,33416331,0,Recommended
2024-11-28,1742.9,1036,0,Recommended
2017-12-09,1493.7,84313551,0,Recommended
2024-11-10,1122.8,36817147,0,Recommended
2016-10-19,2711.8,7334249450,0,Recommended
2020-11-02,1895.9,21331564346,0,Recommended
2019-11-04,8154.3,180222395,0,Recommended
2023-07-15,11.9,90537246,0,Recommended
2023-08-14,172.1,91832445,0,Recommended
2017-01-05,9354.1,105544360,0,Recommended
2022-01-20,1691.2,87440560,0,Recommended
2023-09-20,13.0,76384456287,0,Recommended
2021-02-11,7177.9,1203252100,0,Recommended
2022-10-29,638.0,62417129,0,Recommended
2021-06-07,2456.9,122070577,0,Recommended
2023-06-13,5.2,100641165,0,Recommended
2023-09-28,574.7,62813488326,0,Recommended
2021-11-03,3564.2,88761789,0,Recommended
2021-03-01,20201.4,20771181266,0,Recommended
2022-02-28,2054.6,65339971,0,Recommended
2016-07-05,8316.0,71516739,0,Recommended
2023-03-22,2400.5,88323144,0,Recommended
2021-01-06,201.1,16751030149,0,Recommended
2021-11-03,4428.4,51321410,0,Recommended
2017-03-02,1770.6,2561291,0,Recommended
2021-03-20,172.3,1631808121,0,Recommended
2021-06-24,155.2,84448972,0,Recommended
2021-09-01,194.2,102216628,0,Recommended
2024-06-30,10244.1,15117459,0,Recommended
2020-10-24,4340.8,787138413,0,Recommended
2024-03-24,10378.7,132130108,0,Recommended
2017-06-05,2415.3,12579357848,0,Recommended
2023-10-01,4858.8,111127268,0,Recommended
2021-11-02,3415.9,51654,0,Recommended
2020-08-17,73.0,64353991,0,Recommended
2016-02-17,946.4,921211228,0,Recommended
2024-04-25,1111.4,71435939,0,Recommended
2017-12-21,9621.4,2458824,0,Recommended
2024-06-17,54.4,103046343,0,Recommended
2020-09-09,196.7,797417124,0,Recommended
2020-08-10,239.0,1261962229,0,Recommended
2018-01-16,12584.3,3442689,0,Recommended
2019-06-29,2052.1,50191522,0,Recommended
2022-07-12,451.2,38716121,0,Recommended
2017-06-02,6669.6,8542440,0,Recommended
2014-03-15,3617.7,78662027,0,Recommended
2014-09-19,22887.1,91735840,0,Recommended
2020-03-08,2225.2,805827,0,Recommended
2019-02-21,4778.8,655665,0,Recommended
2024-07-03,163.8,71048064,0,Recommended
2023-09-28,1263.5,8932534,0,Recommended
2023-03-25,286.9,50331641,0,Recommended
2022-08-20,356.7,75142685,0,Recommended
2020-07-03,3091.3,2190,0,Recommended
2024-04-13,2869.3,37725171,0,Recommended
2021-08-10,13774.9,54447759,0,Recommended
2021-07-12,578.0,54525032,0,Recommended
2021-10-13,171.8,62440237,0,Recommended
2018-11-24,3828.2,17514,0,Recommended
2021-04-02,210.2,4893012,0,Recommended
2023-02-09,1034.8,38213018,0,Recommended
2023-09-28,413.4,11593166700,0,Recommended
2024-01-10,6353.4,25934139,0,Recommended
2024-07-24,1482.3,3609870,0,Recommended
2021-12-28,2087.6,47510213,0,Recommended
2021-03-15,36.7,87527543,0,Recommended
2024-04-17,822.5,50728650,0,Recommended
2023-09-15,334.8,57173406240,0,Recommended
2023-09-28,560.3,12032129,0,Recommended
2017-11-23,2103.1,53124711,0,Recommended
2023-08-20,2394.2,88524347,0,Recommended
2024-08-14,639.5,48613631,0,Recommended
2023-06-14,6768.3,2699511,0,Recommended
2020-07-20,638.0,51716261,0,Recommended
2024-10-03,2017.5,108530201,0,Recommended
2021-02-04,7.8,78566496,0,Recommended
2023-11-26,5.6,92253773,0,Recommended
2020-09-04,727.2,10781031195,0,Recommended
2016-07-29,1151.4,1656184125,0,Recommended
2022-11-29,8496.9,62422488,0,Recommended
2017-02-22,25685.5,107381813,0,Recommended
2023-07-26,1694.8,35822016,0,Recommended
2018-08-17,542.7,9214545,0,Recommended
2022-04-30,417.3,32017212,0,Recommended
2022-07-06,46.0,59033533,0,Recommended
2022-01-24,1334.6,56023660,0,Recommended
2023-09-28,4.6,11361028,0,Recommended
2022-08-31,2218.5,39021335,0,Recommended
2024-08-19,47.7,6992598,0,Recommended
2019-12-09,3526.3,93711331,0,Recommended
2023-09-29,4387.9,15059278,0,Recommended
2021-06-29,1979.0,4873118,0,Recommended
2018-08-31,1076.1,6655743,0,Recommended
2019-09-29,6614.6,3992834,0,Recommended
2024-09-26,142.6,77718116,0,Recommended
2020-03-11,317.0,421374,0,Recommended
2021-10-13,1331.9,60129822,0,Recommended
2023-03-28,253.6,60139144,0,Recommended
2022-06-06,5654.3,3042331,0,Recommended
2021-06-10,3428.4,3934538,0,Recommended
2016-11-27,3225.1,324156,0,Recommended
2014-08-09,4331.4,4521531,0,Recommended
2020-09-23,10198.4,4412768,0,Recommended
2018-02-17,208.6,688881,0,Recommended
2020-07-12,323.7,584710128,0,Recommended
2023-04-17,6314.3,39118733,0,Recommended
2023-07-23,50.4,64220121,0,Recommended
2018-10-30,2142.6,351252,0,Recommended
2023-12-24,3195.7,154749157,0,Recommended
2016-07-15,3038.0,16412520,0,Recommended
2021-03-24,766.6,38923427,0,Recommended
2021-02-23,493.7,3985122,0,Recommended
2018-10-15,2366.0,6935781,0,Recommended
2019-10-06,1868.3,313670,0,Recommended
2024-06-29,4008.2,87427689,0,Recommended
2021-03-04,3217.1,16534,0,Recommended
2022-01-09,42.1,20611,0,Recommended
2021-04-24,11.2,98748735,0,Recommended
2019-06-06,1113.9,20775,0,Recommended
2022-04-25,770.4,39212929,0,Recommended
2015-01-15,1196.8,282835247,0,Recommended
2021-11-27,1158.3,4033027,0,Recommended
2022-08-12,14.0,65026146,0,Recommended
2023-09-11,498.6,49562184219,0,Recommended
2021-01-18,3018.0,53513513,0,Recommended
2020-03-20,2594.2,315250,0,Recommended
2023-04-05,793.7,33416331,0,Recommended
2024-11-28,1742.9,1036,0,Recommended
2017-12-09,1493.7,84313551,0,Recommended
2024-11-10,1122.8,36817147,0,Recommended
2015-02-13,776.8,50051612728,0,Recommended
2023-09-28,5391.2,4932149151,0,Recommended
2015-10-03,1970.7,4264725021,0,Recommended
2014-02-27,2121.8,156533813,0,Recommended
2015-08-01,3523.2,76791067124,0,Recommended
2018-10-01,1722.0,369303,0,Recommended
2018-12-07,634.2,1038911090,0,Recommended
2016-10-19,2711.8,7334249450,0,Recommended
2020-11-02,1895.9,21331564346,0,Recommended
2019-11-04,8154.3,180222395,0,Recommended
2023-07-15,11.9,90537246,0,Recommended
2023-08-14,172.1,91832445,0,Recommended
2017-01-05,9354.1,105544360,0,Recommended
2022-01-20,1691.2,87440560,0,Recommended
2023-09-20,13.0,76384456287,0,Recommended
2021-02-11,7177.9,1203252100,0,Recommended
2022-10-29,638.0,62417129,0,Recommended
2021-06-07,2456.9,122070577,0,Recommended
2023-06-13,5.2,100641165,0,Recommended
2023-09-28,574.7,62813488326,0,Recommended
2021-11-03,3564.2,88761789,0,Recommended
2021-03-01,20201.4,20771181266,0,Recommended
2022-02-28,2054.6,65339971,0,Recommended
2016-07-05,8316.0,71516739,0,Recommended
2023-03-22,2400.5,88323144,0,Recommended
2021-01-06,201.1,16751030149,0,Recommended
2021-11-03,4428.4,51321410,0,Recommended
2017-03-02,1770.6,2561291,0,Recommended
2021-03-20,172.3,1631808121,0,Recommended
2021-06-24,155.2,84448972,0,Recommended
2021-09-01,194.2,102216628,0,Recommended
2024-06-30,10244.1,15117459,0,Recommended
2020-10-24,4340.8,787138413,0,Recommended
2024-03-24,10378.7,132130108,0,Recommended
2017-06-05,2415.3,12579357848,0,Recommended
2023-10-01,4858.8,111127268,0,Recommended
2021-11-02,3415.9,51654,0,Recommended
2020-08-17,73.0,64353991,0,Recommended
2016-02-17,946.4,921211228,0,Recommended
2024-04-25,1111.4,71435939,0,Recommended
2017-12-21,9621.4,2458824,0,Recommended
2024-06-17,54.4,103046343,0,Recommended
2020-09-09,196.7,797417124,0,Recommended
2020-08-10,239.0,1261962229,0,Recommended
2018-01-16,12584.3,3442689,0,Recommended
2019-06-29,2052.1,50191522,0,Recommended
2022-07-12,451.2,38716121,0,Recommended
2017-06-02,6669.6,8542440,0,Recommended
2014-03-15,3617.7,78662027,0,Recommended
2014-09-19,22887.1,91735840,0,Recommended
2020-03-08,2225.2,805827,0,Recommended
2019-02-21,4778.8,655665,0,Recommended
2024-07-03,163.8,71048064,0,Recommended
2023-09-28,1263.5,8932534,0,Recommended
2023-03-25,286.9,50331641,0,Recommended
2022-08-20,356.7,75142685,0,Recommended
2020-07-03,3091.3,2190,0,Recommended
2024-04-13,2869.3,37725171,0,Recommended
2021-08-10,13774.9,54447759,0,Recommended
2021-07-12,578.0,54525032,0,Recommended
2021-10-13,171.8,62440237,0,Recommended
2018-11-24,3828.2,17514,0,Recommended
2021-04-02,210.2,4893012,0,Recommended
2023-02-09,1034.8,38213018,0,Recommended
2023-09-28,413.4,11593166700,0,Recommended
2024-01-10,6353.4,25934139,0,Recommended
2024-07-24,1482.3,3609870,0,Recommended
2021-12-28,2087.6,47510213,0,Recommended
2021-03-15,36.7,87527543,0,Recommended
2024-04-17,822.5,50728650,0,Recommended
2023-09-15,334.8,57173406240,0,Recommended
2023-09-28,560.3,12032129,0,Recommended
2017-11-23,2103.1,53124711,0,Recommended
2023-08-20,2394.2,88524347,0,Recommended
2024-08-14,639.5,48613631,0,Recommended
2023-06-14,6768.3,2699511,0,Recommended
2020-07-20,638.0,51716261,0,Recommended
2024-10-03,2017.5,108530201,0,Recommended
2021-02-04,7.8,78566496,0,Recommended
2023-11-26,5.6,92253773,0,Recommended
2020-09-04,727.2,10781031195,0,Recommended
2016-07-29,1151.4,1656184125,0,Recommended
2022-11-29,8496.9,62422488,0,Recommended
2017-02-22,25685.5,107381813,0,Recommended
2023-07-26,1694.8,35822016,0,Recommended
2018-08-17,542.7,9214545,0,Recommended
2022-04-30,417.3,32017212,0,Recommended
2022-07-06,46.0,59033533,0,Recommended
2022-01-24,1334.6,56023660,0,Recommended
2023-09-28,4.6,11361028,0,Recommended
2022-08-31,2218.5,39021335,0,Recommended
2024-08-19,47.7,6992598,0,Recommended
2019-12-09,3526.3,93711331,0,Recommended
2023-09-29,4387.9,15059278,0,Recommended
2021-06-29,1979.0,4873118,0,Recommended
2018-08-31,1076.1,6655743,0,Recommended
2019-09-29,6614.6,3992834,0,Recommended
2024-09-26,142.6,77718116,0,Recommended
2020-03-11,317.0,421374,0,Recommended
2021-10-13,1331.9,60129822,0,Recommended
2023-03-28,253.6,60139144,0,Recommended
2022-06-06,5654.3,3042331,0,Recommended
2021-06-10,3428.4,3934538,0,Recommended
2016-11-27,3225.1,324156,0,Recommended
2014-08-09,4331.4,4521531,0,Recommended
2020-09-23,10198.4,4412768,0,Recommended
2018-02-17,208.6,688881,0,Recommended
2020-07-12,323.7,584710128,0,Recommended
2023-04-17,6314.3,39118733,0,Recommended
2023-07-23,50.4,64220121,0,Recommended
2018-10-30,2142.6,351252,0,Recommended
2023-12-24,3195.7,154749157,0,Recommended
2016-07-15,3038.0,16412520,0,Recommended
2021-03-24,766.6,38923427,0,Recommended
2021-02-23,493.7,3985122,0,Recommended
2018-10-15,2366.0,6935781,0,Recommended
2019-10-06,1868.3,313670,0,Recommended
2024-06-29,4008.2,87427689,0,Recommended
2021-03-04,3217.1,16534,0,Recommended
2022-01-09,42.1,20611,0,Recommended
2021-04-24,11.2,98748735,0,Recommended
2019-06-06,1113.9,20775,0,Recommended
2022-04-25,770.4,39212929,0,Recommended
2015-01-15,1196.8,282835247,0,Recommended
2021-11-27,1158.3,4033027,0,Recommended
2022-08-12,14.0,65026146,0,Recommended
2023-09-11,498.6,49562184219,0,Recommended
2021-01-18,3018.0,53513513,0,Recommended
2020-03-20,2594.2,315250,0,Recommended
2023-04-05,793.7,33416331,0,Recommended
2024-11-28,1742.9,1036,0,Recommended
2017-12-09,1493.7,84313551,0,Recommended
2024-11-10,1122.8,36817147,0,Recommended
2015-02-13,776.8,50051612728,0,Recommended
2023-09-28,5391.2,4932149151,0,Recommended
2015-10-03,1970.7,4264725021,0,Recommended
2014-02-27,2121.8,156533813,0,Recommended
2015-08-01,3523.2,76791067124,0,Recommended
2018-10-01,1722.0,369303,0,Recommended
2018-12-07,634.2,1038911090,0,Recommended
2023-09-27,3017.5,6541116,0,Recommended
2023-10-22,837.7,14164565,0,Recommended
2020-11-25,3877.7,1077407221,0,Recommended
2020-12-29,51.7,3047117,0,Recommended
2017-12-26,1026.1,3835150,0,Recommended
2021-03-21,1327.6,53833638,0,Recommended
2023-08-20,265.4,3598813,0,Recommended
2016-10-19,2711.8,7334249450,0,Recommended
2020-11-02,1895.9,21331564346,0,Recommended
2019-11-04,8154.3,180222395,0,Recommended
2023-07-15,11.9,90537246,0,Recommended
2023-08-14,172.1,91832445,0,Recommended
2017-01-05,9354.1,105544360,0,Recommended
2022-01-20,1691.2,87440560,0,Recommended
2023-09-20,13.0,76384456287,0,Recommended
2021-02-11,7177.9,1203252100,0,Recommended
2022-10-29,638.0,62417129,0,Recommended
2021-06-07,2456.9,122070577,0,Recommended
2023-06-13,5.2,100641165,0,Recommended
2023-09-28,574.7,62813488326,0,Recommended
2021-11-03,3564.2,88761789,0,Recommended
2021-03-01,20201.4,20771181266,0,Recommended
2022-02-28,2054.6,65339971,0,Recommended
2016-07-05,8316.0,71516739,0,Recommended
2023-03-22,2400.5,88323144,0,Recommended
2021-01-06,201.1,16751030149,0,Recommended
2021-11-03,4428.4,51321410,0,Recommended
2017-03-02,1770.6,2561291,0,Recommended
2021-03-20,172.3,1631808121,0,Recommended
2021-06-24,155.2,84448972,0,Recommended
2021-09-01,194.2,102216628,0,Recommended
2024-06-30,10244.1,15117459,0,Recommended
2020-10-24,4340.8,787138413,0,Recommended
2024-03-24,10378.7,132130108,0,Recommended
2017-06-05,2415.3,12579357848,0,Recommended
2023-10-01,4858.8,111127268,0,Recommended
2021-11-02,3415.9,51654,0,Recommended
2020-08-17,73.0,64353991,0,Recommended
2016-02-17,946.4,921211228,0,Recommended
2024-04-25,1111.4,71435939,0,Recommended
2017-12-21,9621.4,2458824,0,Recommended
2024-06-17,54.4,103046343,0,Recommended
2020-09-09,196.7,797417124,0,Recommended
2020-08-10,239.0,1261962229,0,Recommended
2018-01-16,12584.3,3442689,0,Recommended
2019-06-29,2052.1,50191522,0,Recommended
2022-07-12,451.2,38716121,0,Recommended
2017-06-02,6669.6,8542440,0,Recommended
2014-03-15,3617.7,78662027,0,Recommended
2014-09-19,22887.1,91735840,0,Recommended
2020-03-08,2225.2,805827,0,Recommended
2019-02-21,4778.8,655665,0,Recommended
2024-07-03,163.8,71048064,0,Recommended
2023-09-28,1263.5,8932534,0,Recommended
2023-03-25,286.9,50331641,0,Recommended
2022-08-20,356.7,75142685,0,Recommended
2020-07-03,3091.3,2190,0,Recommended
2024-04-13,2869.3,37725171,0,Recommended
2021-08-10,13774.9,54447759,0,Recommended
2021-07-12,578.0,54525032,0,Recommended
2021-10-13,171.8,62440237,0,Recommended
2018-11-24,3828.2,17514,0,Recommended
2021-04-02,210.2,4893012,0,Recommended
2023-02-09,1034.8,38213018,0,Recommended
2023-09-28,413.4,11593166700,0,Recommended
2024-01-10,6353.4,25934139,0,Recommended
2024-07-24,1482.3,3609870,0,Recommended
2021-12-28,2087.6,47510213,0,Recommended
2021-03-15,36.7,87527543,0,Recommended
2024-04-17,822.5,50728650,0,Recommended
2023-09-15,334.8,57173406240,0,Recommended
2023-09-28,560.3,12032129,0,Recommended
2017-11-23,2103.1,53124711,0,Recommended
2023-08-20,2394.2,88524347,0,Recommended
2024-08-14,639.5,48613631,0,Recommended
2023-06-14,6768.3,2699511,0,Recommended
2020-07-20,638.0,51716261,0,Recommended
2024-10-03,2017.5,108530201,0,Recommended
2021-02-04,7.8,78566496,0,Recommended
2023-11-26,5.6,92253773,0,Recommended
2020-09-04,727.2,10781031195,0,Recommended
2016-07-29,1151.4,1656184125,0,Recommended
2022-11-29,8496.9,62422488,0,Recommended
2017-02-22,25685.5,107381813,0,Recommended
2023-07-26,1694.8,35822016,0,Recommended
2018-08-17,542.7,9214545,0,Recommended
2022-04-30,417.3,32017212,0,Recommended
2022-07-06,46.0,59033533,0,Recommended
2022-01-24,1334.6,56023660,0,Recommended
2023-09-28,4.6,11361028,0,Recommended
2022-08-31,2218.5,39021335,0,Recommended
2024-08-19,47.7,6992598,0,Recommended
2019-12-09,3526.3,93711331,0,Recommended
2023-09-29,4387.9,15059278,0,Recommended
2021-06-29,1979.0,4873118,0,Recommended
2018-08-31,1076.1,6655743,0,Recommended
2019-09-29,6614.6,3992834,0,Recommended
2024-09-26,142.6,77718116,0,Recommended
2020-03-11,317.0,421374,0,Recommended
2021-10-13,1331.9,60129822,0,Recommended
2023-03-28,253.6,60139144,0,Recommended
2022-06-06,5654.3,3042331,0,Recommended
2021-06-10,3428.4,3934538,0,Recommended
2016-11-27,3225.1,324156,0,Recommended
2014-08-09,4331.4,4521531,0,Recommended
2020-09-23,10198.4,4412768,0,Recommended
2018-02-17,208.6,688881,0,Recommended
2020-07-12,323.7,584710128,0,Recommended
2023-04-17,6314.3,39118733,0,Recommended
2023-07-23,50.4,64220121,0,Recommended
2018-10-30,2142.6,351252,0,Recommended
2023-12-24,3195.7,154749157,0,Recommended
2016-07-15,3038.0,16412520,0,Recommended
2021-03-24,766.6,38923427,0,Recommended
2021-02-23,493.7,3985122,0,Recommended
2018-10-15,2366.0,6935781,0,Recommended
2019-10-06,1868.3,313670,0,Recommended
2024-06-29,4008.2,87427689,0,Recommended
2021-03-04,3217.1,16534,0,Recommended
2022-01-09,42.1,20611,0,Recommended
2021-04-24,11.2,98748735,0,Recommended
2019-06-06,1113.9,20775,0,Recommended
2022-04-25,770.4,39212929,0,Recommended
2015-01-15,1196.8,282835247,0,Recommended
2021-11-27,1158.3,4033027,0,Recommended
2022-08-12,14.0,65026146,0,Recommended
2023-09-11,498.6,49562184219,0,Recommended
2021-01-18,3018.0,53513513,0,Recommended
2020-03-20,2594.2,315250,0,Recommended
2023-04-05,793.7,33416331,0,Recommended
2024-11-28,1742.9,1036,0,Recommended
2017-12-09,1493.7,84313551,0,Recommended
2024-11-10,1122.8,36817147,0,Recommended
2015-02-13,776.8,50051612728,0,Recommended
2023-09-28,5391.2,4932149151,0,Recommended
2015-10-03,1970.7,4264725021,0,Recommended
2014-02-27,2121.8,156533813,0,Recommended
2015-08-01,3523.2,76791067124,0,Recommended
2018-10-01,1722.0,369303,0,Recommended
2018-12-07,634.2,1038911090,0,Recommended
2023-09-27,3017.5,6541116,0,Recommended
2023-10-22,837.7,14164565,0,Recommended
2020-11-25,3877.7,1077407221,0,Recommended
2020-12-29,51.7,3047117,0,Recommended
2017-12-26,1026.1,3835150,0,Recommended
2021-03-21,1327.6,53833638,0,Recommended
2023-08-20,265.4,3598813,0,Recommended
2020-09-09,585.8,23214222,0,Recommended
2017-09-21,7069.6,196909,0,Recommended
2014-08-08,21030.6,11042257,0,Recommended
2018-06-22,828.3,2651340,0,Recommended
2023-09-28,603.5,189839120,0,Recommended
2020-03-21,4214.2,313290,0,Recommended
2017-11-09,2359.2,87516363,0,Recommended
2016-10-19,2711.8,7334249450,0,Recommended
2020-11-02,1895.9,21331564346,0,Recommended
2019-11-04,8154.3,180222395,0,Recommended
2023-07-15,11.9,90537246,0,Recommended
2023-08-14,172.1,91832445,0,Recommended
2017-01-05,9354.1,105544360,0,Recommended
2022-01-20,1691.2,87440560,0,Recommended
2023-09-20,13.0,76384456287,0,Recommended
2021-02-11,7177.9,1203252100,0,Recommended
2022-10-29,638.0,62417129,0,Recommended
2021-06-07,2456.9,122070577,0,Recommended
2023-06-13,5.2,100641165,0,Recommended
2023-09-28,574.7,62813488326,0,Recommended
2021-11-03,3564.2,88761789,0,Recommended
2021-03-01,20201.4,20771181266,0,Recommended
2022-02-28,2054.6,65339971,0,Recommended
2016-07-05,8316.0,71516739,0,Recommended
2023-03-22,2400.5,88323144,0,Recommended
2021-01-06,201.1,16751030149,0,Recommended
2021-11-03,4428.4,51321410,0,Recommended
2017-03-02,1770.6,2561291,0,Recommended
2021-03-20,172.3,1631808121,0,Recommended
2021-06-24,155.2,84448972,0,Recommended
2021-09-01,194.2,102216628,0,Recommended
2024-06-30,10244.1,15117459,0,Recommended
2020-10-24,4340.8,787138413,0,Recommended
2024-03-24,10378.7,132130108,0,Recommended
2017-06-05,2415.3,12579357848,0,Recommended
2023-10-01,4858.8,111127268,0,Recommended
2021-11-02,3415.9,51654,0,Recommended
2020-08-17,73.0,64353991,0,Recommended
2016-02-17,946.4,921211228,0,Recommended
2024-04-25,1111.4,71435939,0,Recommended
2017-12-21,9621.4,2458824,0,Recommended
2024-06-17,54.4,103046343,0,Recommended
2020-09-09,196.7,797417124,0,Recommended
2020-08-10,239.0,1261962229,0,Recommended
2018-01-16,12584.3,3442689,0,Recommended
2019-06-29,2052.1,50191522,0,Recommended
2022-07-12,451.2,38716121,0,Recommended
2017-06-02,6669.6,8542440,0,Recommended
2014-03-15,3617.7,78662027,0,Recommended
2014-09-19,22887.1,91735840,0,Recommended
2020-03-08,2225.2,805827,0,Recommended
2019-02-21,4778.8,655665,0,Recommended
2024-07-03,163.8,71048064,0,Recommended
2023-09-28,1263.5,8932534,0,Recommended
2023-03-25,286.9,50331641,0,Recommended
2022-08-20,356.7,75142685,0,Recommended
2020-07-03,3091.3,2190,0,Recommended
2024-04-13,2869.3,37725171,0,Recommended
2021-08-10,13774.9,54447759,0,Recommended
2021-07-12,578.0,54525032,0,Recommended
2021-10-13,171.8,62440237,0,Recommended
2018-11-24,3828.2,17514,0,Recommended
2021-04-02,210.2,4893012,0,Recommended
2023-02-09,1034.8,38213018,0,Recommended
2023-09-28,413.4,11593166700,0,Recommended
2024-01-10,6353.4,25934139,0,Recommended
2024-07-24,1482.3,3609870,0,Recommended
2021-12-28,2087.6,47510213,0,Recommended
2021-03-15,36.7,87527543,0,Recommended
2024-04-17,822.5,50728650,0,Recommended
2023-09-15,334.8,57173406240,0,Recommended
2023-09-28,560.3,12032129,0,Recommended
2017-11-23,2103.1,53124711,0,Recommended
2023-08-20,2394.2,88524347,0,Recommended
2024-08-14,639.5,48613631,0,Recommended
2023-06-14,6768.3,2699511,0,Recommended
2020-07-20,638.0,51716261,0,Recommended
2024-10-03,2017.5,108530201,0,Recommended
2021-02-04,7.8,78566496,0,Recommended
2023-11-26,5.6,92253773,0,Recommended
2020-09-04,727.2,10781031195,0,Recommended
2016-07-29,1151.4,1656184125,0,Recommended
2022-11-29,8496.9,62422488,0,Recommended
2017-02-22,25685.5,107381813,0,Recommended
2023-07-26,1694.8,35822016,0,Recommended
2018-08-17,542.7,9214545,0,Recommended
2022-04-30,417.3,32017212,0,Recommended
2022-07-06,46.0,59033533,0,Recommended
2022-01-24,1334.6,56023660,0,Recommended
2023-09-28,4.6,11361028,0,Recommended
2022-08-31,2218.5,39021335,0,Recommended
2024-08-19,47.7,6992598,0,Recommended
2019-12-09,3526.3,93711331,0,Recommended
2023-09-29,4387.9,15059278,0,Recommended
2021-06-29,1979.0,4873118,0,Recommended
2018-08-31,1076.1,6655743,0,Recommended
2019-09-29,6614.6,3992834,0,Recommended
2024-09-26,142.6,77718116,0,Recommended
2020-03-11,317.0,421374,0,Recommended
2021-10-13,1331.9,60129822,0,Recommended
2023-03-28,253.6,60139144,0,Recommended
2022-06-06,5654.3,3042331,0,Recommended
2021-06-10,3428.4,3934538,0,Recommended
2016-11-27,3225.1,324156,0,Recommended
2014-08-09,4331.4,4521531,0,Recommended
2020-09-23,10198.4,4412768,0,Recommended
2018-02-17,208.6,688881,0,Recommended
2020-07-12,323.7,584710128,0,Recommended
2023-04-17,6314.3,39118733,0,Recommended
2023-07-23,50.4,64220121,0,Recommended
2018-10-30,2142.6,351252,0,Recommended
2023-12-24,3195.7,154749157,0,Recommended
2016-07-15,3038.0,16412520,0,Recommended
2021-03-24,766.6,38923427,0,Recommended
2021-02-23,493.7,3985122,0,Recommended
2018-10-15,2366.0,6935781,0,Recommended
2019-10-06,1868.3,313670,0,Recommended
2024-06-29,4008.2,87427689,0,Recommended
2021-03-04,3217.1,16534,0,Recommended
2022-01-09,42.1,20611,0,Recommended
2021-04-24,11.2,98748735,0,Recommended
2019-06-06,1113.9,20775,0,Recommended
2022-04-25,770.4,39212929,0,Recommended
2015-01-15,1196.8,282835247,0,Recommended
2021-11-27,1158.3,4033027,0,Recommended
2022-08-12,14.0,65026146,0,Recommended
2023-09-11,498.6,49562184219,0,Recommended
2021-01-18,3018.0,53513513,0,Recommended
2020-03-20,2594.2,315250,0,Recommended
2023-04-05,793.7,33416331,0,Recommended
2024-11-28,1742.9,1036,0,Recommended
2017-12-09,1493.7,84313551,0,Recommended
2024-11-10,1122.8,36817147,0,Recommended
2015-02-13,776.8,50051612728,0,Recommended
2023-09-28,5391.2,4932149151,0,Recommended
2015-10-03,1970.7,4264725021,0,Recommended
2014-02-27,2121.8,156533813,0,Recommended
2015-08-01,3523.2,76791067124,0,Recommended
2018-10-01,1722.0,369303,0,Recommended
2018-12-07,634.2,1038911090,0,Recommended
2023-09-27,3017.5,6541116,0,Recommended
2023-10-22,837.7,14164565,0,Recommended
2020-11-25,3877.7,1077407221,0,Recommended
2020-12-29,51.7,3047117,0,Recommended
2017-12-26,1026.1,3835150,0,Recommended
2021-03-21,1327.6,53833638,0,Recommended
2023-08-20,265.4,3598813,0,Recommended
2020-09-09,585.8,23214222,0,Recommended
2017-09-21,7069.6,196909,0,Recommended
2014-08-08,21030.6,11042257,0,Recommended
2018-06-22,828.3,2651340,0,Recommended
2023-09-28,603.5,189839120,0,Recommended
2020-03-21,4214.2,313290,0,Recommended
2017-11-09,2359.2,87516363,0,Recommended
2021-12-15,1051.5,253168,0,Recommended
2024-03-23,49.2,29912514,0,Recommended
2022-06-18,171.5,50025621,0,Recommended
2020-01-03,301.2,1732580,0,Recommended
2023-03-05,178.0,281113083,0,Recommended
2021-09-28,2669.4,55617917,0,Recommended
2017-06-01,2203.5,514898,0,Recommended
2024-06-04,2112.5,5883319,0,Recommended
2016-10-19,2711.8,7334249450,0,Recommended
2020-11-02,1895.9,21331564346,0,Recommended
2019-11-04,8154.3,180222395,0,Recommended
2023-07-15,11.9,90537246,0,Recommended
2023-08-14,172.1,91832445,0,Recommended
2017-01-05,9354.1,105544360,0,Recommended
2022-01-20,1691.2,87440560,0,Recommended
2023-09-20,13.0,76384456287,0,Recommended
2021-02-11,7177.9,1203252100,0,Recommended
2022-10-29,638.0,62417129,0,Recommended
2021-06-07,2456.9,122070577,0,Recommended
2023-06-13,5.2,100641165,0,Recommended
2023-09-28,574.7,62813488326,0,Recommended
2021-11-03,3564.2,88761789,0,Recommended
2021-03-01,20201.4,20771181266,0,Recommended
2022-02-28,2054.6,65339971,0,Recommended
2016-07-05,8316.0,71516739,0,Recommended
2023-03-22,2400.5,88323144,0,Recommended
2021-01-06,201.1,16751030149,0,Recommended
2021-11-03,4428.4,51321410,0,Recommended
2017-03-02,1770.6,2561291,0,Recommended
2021-03-20,172.3,1631808121,0,Recommended
2021-06-24,155.2,84448972,0,Recommended
2021-09-01,194.2,102216628,0,Recommended
2024-06-30,10244.1,15117459,0,Recommended
2020-10-24,4340.8,787138413,0,Recommended
2024-03-24,10378.7,132130108,0,Recommended
2017-06-05,2415.3,12579357848,0,Recommended
2023-10-01,4858.8,111127268,0,Recommended
2021-11-02,3415.9,51654,0,Recommended
2020-08-17,73.0,64353991,0,Recommended
2016-02-17,946.4,921211228,0,Recommended
2024-04-25,1111.4,71435939,0,Recommended
2017-12-21,9621.4,2458824,0,Recommended
2024-06-17,54.4,103046343,0,Recommended
2020-09-09,196.7,797417124,0,Recommended
2020-08-10,239.0,1261962229,0,Recommended
2018-01-16,12584.3,3442689,0,Recommended
2019-06-29,2052.1,50191522,0,Recommended
2022-07-12,451.2,38716121,0,Recommended
2017-06-02,6669.6,8542440,0,Recommended
2014-03-15,3617.7,78662027,0,Recommended
2014-09-19,22887.1,91735840,0,Recommended
2020-03-08,2225.2,805827,0,Recommended
2019-02-21,4778.8,655665,0,Recommended
2024-07-03,163.8,71048064,0,Recommended
2023-09-28,1263.5,8932534,0,Recommended
2023-03-25,286.9,50331641,0,Recommended
2022-08-20,356.7,75142685,0,Recommended
2020-07-03,3091.3,2190,0,Recommended
2024-04-13,2869.3,37725171,0,Recommended
2021-08-10,13774.9,54447759,0,Recommended
2021-07-12,578.0,54525032,0,Recommended
2021-10-13,171.8,62440237,0,Recommended
2018-11-24,3828.2,17514,0,Recommended
2021-04-02,210.2,4893012,0,Recommended
2023-02-09,1034.8,38213018,0,Recommended
2023-09-28,413.4,11593166700,0,Recommended
2024-01-10,6353.4,25934139,0,Recommended
2024-07-24,1482.3,3609870,0,Recommended
2021-12-28,2087.6,47510213,0,Recommended
2021-03-15,36.7,87527543,0,Recommended
2024-04-17,822.5,50728650,0,Recommended
2023-09-15,334.8,57173406240,0,Recommended
2023-09-28,560.3,12032129,0,Recommended
2017-11-23,2103.1,53124711,0,Recommended
2023-08-20,2394.2,88524347,0,Recommended
2024-08-14,639.5,48613631,0,Recommended
2023-06-14,6768.3,2699511,0,Recommended
2020-07-20,638.0,51716261,0,Recommended
2024-10-03,2017.5,108530201,0,Recommended
2021-02-04,7.8,78566496,0,Recommended
2023-11-26,5.6,92253773,0,Recommended
2020-09-04,727.2,10781031195,0,Recommended
2016-07-29,1151.4,1656184125,0,Recommended
2022-11-29,8496.9,62422488,0,Recommended
2017-02-22,25685.5,107381813,0,Recommended
2023-07-26,1694.8,35822016,0,Recommended
2018-08-17,542.7,9214545,0,Recommended
2022-04-30,417.3,32017212,0,Recommended
2022-07-06,46.0,59033533,0,Recommended
2022-01-24,1334.6,56023660,0,Recommended
2023-09-28,4.6,11361028,0,Recommended
2022-08-31,2218.5,39021335,0,Recommended
2024-08-19,47.7,6992598,0,Recommended
2019-12-09,3526.3,93711331,0,Recommended
2023-09-29,4387.9,15059278,0,Recommended
2021-06-29,1979.0,4873118,0,Recommended
2018-08-31,1076.1,6655743,0,Recommended
2019-09-29,6614.6,3992834,0,Recommended
2024-09-26,142.6,77718116,0,Recommended
2020-03-11,317.0,421374,0,Recommended
2021-10-13,1331.9,60129822,0,Recommended
2023-03-28,253.6,60139144,0,Recommended
2022-06-06,5654.3,3042331,0,Recommended
2021-06-10,3428.4,3934538,0,Recommended
2016-11-27,3225.1,324156,0,Recommended
2014-08-09,4331.4,4521531,0,Recommended
2020-09-23,10198.4,4412768,0,Recommended
2018-02-17,208.6,688881,0,Recommended
2020-07-12,323.7,584710128,0,Recommended
2023-04-17,6314.3,39118733,0,Recommended
2023-07-23,50.4,64220121,0,Recommended
2018-10-30,2142.6,351252,0,Recommended
2023-12-24,3195.7,154749157,0,Recommended
2016-07-15,3038.0,16412520,0,Recommended
2021-03-24,766.6,38923427,0,Recommended
2021-02-23,493.7,3985122,0,Recommended
2018-10-15,2366.0,6935781,0,Recommended
2019-10-06,1868.3,313670,0,Recommended
2024-06-29,4008.2,87427689,0,Recommended
2021-03-04,3217.1,16534,0,Recommended
2022-01-09,42.1,20611,0,Recommended
2021-04-24,11.2,98748735,0,Recommended
2019-06-06,1113.9,20775,0,Recommended
2022-04-25,770.4,39212929,0,Recommended
2015-01-15,1196.8,282835247,0,Recommended
2021-11-27,1158.3,4033027,0,Recommended
2022-08-12,14.0,65026146,0,Recommended
2023-09-11,498.6,49562184219,0,Recommended
2021-01-18,3018.0,53513513,0,Recommended
2020-03-20,2594.2,315250,0,Recommended
2023-04-05,793.7,33416331,0,Recommended
2024-11-28,1742.9,1036,0,Recommended
2017-12-09,1493.7,84313551,0,Recommended
2024-11-10,1122.8,36817147,0,Recommended
2015-02-13,776.8,50051612728,0,Recommended
2023-09-28,5391.2,4932149151,0,Recommended
2015-10-03,1970.7,4264725021,0,Recommended
2014-02-27,2121.8,156533813,0,Recommended
2015-08-01,3523.2,76791067124,0,Recommended
2018-10-01,1722.0,369303,0,Recommended
2018-12-07,634.2,1038911090,0,Recommended
2023-09-27,3017.5,6541116,0,Recommended
2023-10-22,837.7,14164565,0,Recommended
2020-11-25,3877.7,1077407221,0,Recommended
2020-12-29,51.7,3047117,0,Recommended
2017-12-26,1026.1,3835150,0,Recommended
2021-03-21,1327.6,53833638,0,Recommended
2023-08-20,265.4,3598813,0,Recommended
2020-09-09,585.8,23214222,0,Recommended
2017-09-21,7069.6,196909,0,Recommended
2014-08-08,21030.6,11042257,0,Recommended
2018-06-22,828.3,2651340,0,Recommended
2023-09-28,603.5,189839120,0,Recommended
2020-03-21,4214.2,313290,0,Recommended
2017-11-09,2359.2,87516363,0,Recommended
2021-12-15,1051.5,253168,0,Recommended
2024-03-23,49.2,29912514,0,Recommended
2022-06-18,171.5,50025621,0,Recommended
2020-01-03,301.2,1732580,0,Recommended
2023-03-05,178.0,281113083,0,Recommended
2021-09-28,2669.4,55617917,0,Recommended
2017-06-01,2203.5,514898,0,Recommended
2024-06-04,2112.5,5883319,0,Recommended
2018-06-16,20443.0,490783,0,Recommended
2021-11-27,1390.3,6387219,0,Recommended
2021-11-12,5960.8,2863118,0,Recommended
2016-08-24,630.4,8758890,0,Recommended
2018-12-31,319.9,373720,0,Recommended
2021-08-18,1241.3,21811723,0,Recommended
2014-07-13,1366.0,2045310474,0,Recommended
2023-01-11,128.3,3208132,0,Recommended
2019-11-02,5414.7,657736,0,Recommended
2016-10-19,2711.8,7334249450,0,Recommended
2020-11-02,1895.9,21331564346,0,Recommended
2019-11-04,8154.3,180222395,0,Recommended
2023-07-15,11.9,90537246,0,Recommended
2023-08-14,172.1,91832445,0,Recommended
2017-01-05,9354.1,105544360,0,Recommended
2022-01-20,1691.2,87440560,0,Recommended
2023-09-20,13.0,76384456287,0,Recommended
2021-02-11,7177.9,1203252100,0,Recommended
2022-10-29,638.0,62417129,0,Recommended
2021-06-07,2456.9,122070577,0,Recommended
2023-06-13,5.2,100641165,0,Recommended
2023-09-28,574.7,62813488326,0,Recommended
2021-11-03,3564.2,88761789,0,Recommended
2021-03-01,20201.4,20771181266,0,Recommended
2022-02-28,2054.6,65339971,0,Recommended
2016-07-05,8316.0,71516739,0,Recommended
2023-03-22,2400.5,88323144,0,Recommended
2021-01-06,201.1,16751030149,0,Recommended
2021-11-03,4428.4,51321410,0,Recommended
2017-03-02,1770.6,2561291,0,Recommended
2021-03-20,172.3,1631808121,0,Recommended
2021-06-24,155.2,84448972,0,Recommended
2021-09-01,194.2,102216628,0,Recommended
2024-06-30,10244.1,15117459,0,Recommended
2020-10-24,4340.8,787138413,0,Recommended
2024-03-24,10378.7,132130108,0,Recommended
2017-06-05,2415.3,12579357848,0,Recommended
2023-10-01,4858.8,111127268,0,Recommended
2021-11-02,3415.9,51654,0,Recommended
2020-08-17,73.0,64353991,0,Recommended
2016-02-17,946.4,921211228,0,Recommended
2024-04-25,1111.4,71435939,0,Recommended
2017-12-21,9621.4,2458824,0,Recommended
2024-06-17,54.4,103046343,0,Recommended
2020-09-09,196.7,797417124,0,Recommended
2020-08-10,239.0,1261962229,0,Recommended
2018-01-16,12584.3,3442689,0,Recommended
2019-06-29,2052.1,50191522,0,Recommended
2022-07-12,451.2,38716121,0,Recommended
2017-06-02,6669.6,8542440,0,Recommended
2014-03-15,3617.7,78662027,0,Recommended
2014-09-19,22887.1,91735840,0,Recommended
2020-03-08,2225.2,805827,0,Recommended
2019-02-21,4778.8,655665,0,Recommended
2024-07-03,163.8,71048064,0,Recommended
2023-09-28,1263.5,8932534,0,Recommended
2023-03-25,286.9,50331641,0,Recommended
2022-08-20,356.7,75142685,0,Recommended
2020-07-03,3091.3,2190,0,Recommended
2024-04-13,2869.3,37725171,0,Recommended
2021-08-10,13774.9,54447759,0,Recommended
2021-07-12,578.0,54525032,0,Recommended
2021-10-13,171.8,62440237,0,Recommended
2018-11-24,3828.2,17514,0,Recommended
2021-04-02,210.2,4893012,0,Recommended
2023-02-09,1034.8,38213018,0,Recommended
2023-09-28,413.4,11593166700,0,Recommended
2024-01-10,6353.4,25934139,0,Recommended
2024-07-24,1482.3,3609870,0,Recommended
2021-12-28,2087.6,47510213,0,Recommended
2021-03-15,36.7,87527543,0,Recommended
2024-04-17,822.5,50728650,0,Recommended
2023-09-15,334.8,57173406240,0,Recommended
2023-09-28,560.3,12032129,0,Recommended
2017-11-23,2103.1,53124711,0,Recommended
2023-08-20,2394.2,88524347,0,Recommended
2024-08-14,639.5,48613631,0,Recommended
2023-06-14,6768.3,2699511,0,Recommended
2020-07-20,638.0,51716261,0,Recommended
2024-10-03,2017.5,108530201,0,Recommended
2021-02-04,7.8,78566496,0,Recommended
2023-11-26,5.6,92253773,0,Recommended
2020-09-04,727.2,10781031195,0,Recommended
2016-07-29,1151.4,1656184125,0,Recommended
2022-11-29,8496.9,62422488,0,Recommended
2017-02-22,25685.5,107381813,0,Recommended
2023-07-26,1694.8,35822016,0,Recommended
2018-08-17,542.7,9214545,0,Recommended
2022-04-30,417.3,32017212,0,Recommended
2022-07-06,46.0,59033533,0,Recommended
2022-01-24,1334.6,56023660,0,Recommended
2023-09-28,4.6,11361028,0,Recommended
2022-08-31,2218.5,39021335,0,Recommended
2024-08-19,47.7,6992598,0,Recommended
2019-12-09,3526.3,93711331,0,Recommended
2023-09-29,4387.9,15059278,0,Recommended
2021-06-29,1979.0,4873118,0,Recommended
2018-08-31,1076.1,6655743,0,Recommended
2019-09-29,6614.6,3992834,0,Recommended
2024-09-26,142.6,77718116,0,Recommended
2020-03-11,317.0,421374,0,Recommended
2021-10-13,1331.9,60129822,0,Recommended
2023-03-28,253.6,60139144,0,Recommended
2022-06-06,5654.3,3042331,0,Recommended
2021-06-10,3428.4,3934538,0,Recommended
2016-11-27,3225.1,324156,0,Recommended
2014-08-09,4331.4,4521531,0,Recommended
2020-09-23,10198.4,4412768,0,Recommended
2018-02-17,208.6,688881,0,Recommended
2020-07-12,323.7,584710128,0,Recommended
2023-04-17,6314.3,39118733,0,Recommended
2023-07-23,50.4,64220121,0,Recommended
2018-10-30,2142.6,351252,0,Recommended
2023-12-24,3195.7,154749157,0,Recommended
2016-07-15,3038.0,16412520,0,Recommended
2021-03-24,766.6,38923427,0,Recommended
2021-02-23,493.7,3985122,0,Recommended
2018-10-15,2366.0,6935781,0,Recommended
2019-10-06,1868.3,313670,0,Recommended
2024-06-29,4008.2,87427689,0,Recommended
2021-03-04,3217.1,16534,0,Recommended
2022-01-09,42.1,20611,0,Recommended
2021-04-24,11.2,98748735,0,Recommended
2019-06-06,1113.9,20775,0,Recommended
2022-04-25,770.4,39212929,0,Recommended
2015-01-15,1196.8,282835247,0,Recommended
2021-11-27,1158.3,4033027,0,Recommended
2022-08-12,14.0,65026146,0,Recommended
2023-09-11,498.6,49562184219,0,Recommended
2021-01-18,3018.0,53513513,0,Recommended
2020-03-20,2594.2,315250,0,Recommended
2023-04-05,793.7,33416331,0,Recommended
2024-11-28,1742.9,1036,0,Recommended
2017-12-09,1493.7,84313551,0,Recommended
2024-11-10,1122.8,36817147,0,Recommended
2015-02-13,776.8,50051612728,0,Recommended
2023-09-28,5391.2,4932149151,0,Recommended
2015-10-03,1970.7,4264725021,0,Recommended
2014-02-27,2121.8,156533813,0,Recommended
2015-08-01,3523.2,76791067124,0,Recommended
2018-10-01,1722.0,369303,0,Recommended
2018-12-07,634.2,1038911090,0,Recommended
2023-09-27,3017.5,6541116,0,Recommended
2023-10-22,837.7,14164565,0,Recommended
2020-11-25,3877.7,1077407221,0,Recommended
2020-12-29,51.7,3047117,0,Recommended
2017-12-26,1026.1,3835150,0,Recommended
2021-03-21,1327.6,53833638,0,Recommended
2023-08-20,265.4,3598813,0,Recommended
2020-09-09,585.8,23214222,0,Recommended
2017-09-21,7069.6,196909,0,Recommended
2014-08-08,21030.6,11042257,0,Recommended
2018-06-22,828.3,2651340,0,Recommended
2023-09-28,603.5,189839120,0,Recommended
2020-03-21,4214.2,313290,0,Recommended
2017-11-09,2359.2,87516363,0,Recommended
2021-12-15,1051.5,253168,0,Recommended
2024-03-23,49.2,29912514,0,Recommended
2022-06-18,171.5,50025621,0,Recommended
2020-01-03,301.2,1732580,0,Recommended
2023-03-05,178.0,281113083,0,Recommended
2021-09-28,2669.4,55617917,0,Recommended
2017-06-01,2203.5,514898,0,Recommended
2024-06-04,2112.5,5883319,0,Recommended
2018-06-16,20443.0,490783,0,Recommended
2021-11-27,1390.3,6387219,0,Recommended
2021-11-12,5960.8,2863118,0,Recommended
2016-08-24,630.4,8758890,0,Recommended
2018-12-31,319.9,373720,0,Recommended
2021-08-18,1241.3,21811723,0,Recommended
2014-07-13,1366.0,2045310474,0,Recommended
2023-01-11,128.3,3208132,0,Recommended
2019-11-02,5414.7,657736,0,Recommended
2021-03-04,1357.8,313174,0,Recommended
2024-10-13,5626.4,2345515,0,Recommended
2020-06-08,3183.8,1096383660,0,Recommended
2023-11-03,1071.2,65817422,0,Recommended
2017-10-08,2220.5,81912252,0,Recommended
2024-11-19,6698.3,3281712,0,Recommended
2022-02-15,268.4,30611841,0,Recommended
2016-10-19,2711.8,7334249450,0,Recommended
2020-11-02,1895.9,21331564346,0,Recommended
2019-11-04,8154.3,180222395,0,Recommended
2023-07-15,11.9,90537246,0,Recommended
2023-08-14,172.1,91832445,0,Recommended
2017-01-05,9354.1,105544360,0,Recommended
2022-01-20,1691.2,87440560,0,Recommended
2023-09-20,13.0,76384456287,0,Recommended
2021-02-11,7177.9,1203252100,0,Recommended
2022-10-29,638.0,62417129,0,Recommended
2021-06-07,2456.9,122070577,0,Recommended
2023-06-13,5.2,100641165,0,Recommended
2023-09-28,574.7,62813488326,0,Recommended
2021-11-03,3564.2,88761789,0,Recommended
2021-03-01,20201.4,20771181266,0,Recommended
2022-02-28,2054.6,65339971,0,Recommended
2016-07-05,8316.0,71516739,0,Recommended
2023-03-22,2400.5,88323144,0,Recommended
2021-01-06,201.1,16751030149,0,Recommended
2021-11-03,4428.4,51321410,0,Recommended
2017-03-02,1770.6,2561291,0,Recommended
2021-03-20,172.3,1631808121,0,Recommended
2021-06-24,155.2,84448972,0,Recommended
2021-09-01,194.2,102216628,0,Recommended
2024-06-30,10244.1,15117459,0,Recommended
2020-10-24,4340.8,787138413,0,Recommended
2024-03-24,10378.7,132130108,0,Recommended
2017-06-05,2415.3,12579357848,0,Recommended
2023-10-01,4858.8,111127268,0,Recommended
2021-11-02,3415.9,51654,0,Recommended
2020-08-17,73.0,64353991,0,Recommended
2016-02-17,946.4,921211228,0,Recommended
2024-04-25,1111.4,71435939,0,Recommended
2017-12-21,9621.4,2458824,0,Recommended
2024-06-17,54.4,103046343,0,Recommended
2020-09-09,196.7,797417124,0,Recommended
2020-08-10,239.0,1261962229,0,Recommended
2018-01-16,12584.3,3442689,0,Recommended
2019-06-29,2052.1,50191522,0,Recommended
2022-07-12,451.2,38716121,0,Recommended
2017-06-02,6669.6,8542440,0,Recommended
2014-03-15,3617.7,78662027,0,Recommended
2014-09-19,22887.1,91735840,0,Recommended
2020-03-08,2225.2,805827,0,Recommended
2019-02-21,4778.8,655665,0,Recommended
2024-07-03,163.8,71048064,0,Recommended
2023-09-28,1263.5,8932534,0,Recommended
2023-03-25,286.9,50331641,0,Recommended
2022-08-20,356.7,75142685,0,Recommended
2020-07-03,3091.3,2190,0,Recommended
2024-04-13,2869.3,37725171,0,Recommended
2021-08-10,13774.9,54447759,0,Recommended
2021-07-12,578.0,54525032,0,Recommended
2021-10-13,171.8,62440237,0,Recommended
2018-11-24,3828.2,17514,0,Recommended
2021-04-02,210.2,4893012,0,Recommended
2023-02-09,1034.8,38213018,0,Recommended
2023-09-28,413.4,11593166700,0,Recommended
2024-01-10,6353.4,25934139,0,Recommended
2024-07-24,1482.3,3609870,0,Recommended
2021-12-28,2087.6,47510213,0,Recommended
2021-03-15,36.7,87527543,0,Recommended
2024-04-17,822.5,50728650,0,Recommended
2023-09-15,334.8,57173406240,0,Recommended
2023-09-28,560.3,12032129,0,Recommended
2017-11-23,2103.1,53124711,0,Recommended
2023-08-20,2394.2,88524347,0,Recommended
2024-08-14,639.5,48613631,0,Recommended
2023-06-14,6768.3,2699511,0,Recommended
2020-07-20,638.0,51716261,0,Recommended
2024-10-03,2017.5,108530201,0,Recommended
2021-02-04,7.8,78566496,0,Recommended
2023-11-26,5.6,92253773,0,Recommended
2020-09-04,727.2,10781031195,0,Recommended
2016-07-29,1151.4,1656184125,0,Recommended
2022-11-29,8496.9,62422488,0,Recommended
2017-02-22,25685.5,107381813,0,Recommended
2023-07-26,1694.8,35822016,0,Recommended
2018-08-17,542.7,9214545,0,Recommended
2022-04-30,417.3,32017212,0,Recommended
2022-07-06,46.0,59033533,0,Recommended
2022-01-24,1334.6,56023660,0,Recommended
2023-09-28,4.6,11361028,0,Recommended
2022-08-31,2218.5,39021335,0,Recommended
2024-08-19,47.7,6992598,0,Recommended
2019-12-09,3526.3,93711331,0,Recommended
2023-09-29,4387.9,15059278,0,Recommended
2021-06-29,1979.0,4873118,0,Recommended
2018-08-31,1076.1,6655743,0,Recommended
2019-09-29,6614.6,3992834,0,Recommended
2024-09-26,142.6,77718116,0,Recommended
2020-03-11,317.0,421374,0,Recommended
2021-10-13,1331.9,60129822,0,Recommended
2023-03-28,253.6,60139144,0,Recommended
2022-06-06,5654.3,3042331,0,Recommended
2021-06-10,3428.4,3934538,0,Recommended
2016-11-27,3225.1,324156,0,Recommended
2014-08-09,4331.4,4521531,0,Recommended
2020-09-23,10198.4,4412768,0,Recommended
2018-02-17,208.6,688881,0,Recommended
2020-07-12,323.7,584710128,0,Recommended
2023-04-17,6314.3,39118733,0,Recommended
2023-07-23,50.4,64220121,0,Recommended
2018-10-30,2142.6,351252,0,Recommended
2023-12-24,3195.7,154749157,0,Recommended
2016-07-15,3038.0,16412520,0,Recommended
2021-03-24,766.6,38923427,0,Recommended
2021-02-23,493.7,3985122,0,Recommended
2018-10-15,2366.0,6935781,0,Recommended
2019-10-06,1868.3,313670,0,Recommended
2024-06-29,4008.2,87427689,0,Recommended
2021-03-04,3217.1,16534,0,Recommended
2022-01-09,42.1,20611,0,Recommended
2021-04-24,11.2,98748735,0,Recommended
2019-06-06,1113.9,20775,0,Recommended
2022-04-25,770.4,39212929,0,Recommended
2015-01-15,1196.8,282835247,0,Recommended
2021-11-27,1158.3,4033027,0,Recommended
2022-08-12,14.0,65026146,0,Recommended
2023-09-11,498.6,49562184219,0,Recommended
2021-01-18,3018.0,53513513,0,Recommended
2020-03-20,2594.2,315250,0,Recommended
2023-04-05,793.7,33416331,0,Recommended
2024-11-28,1742.9,1036,0,Recommended
2017-12-09,1493.7,84313551,0,Recommended
2024-11-10,1122.8,36817147,0,Recommended
2015-02-13,776.8,50051612728,0,Recommended
2023-09-28,5391.2,4932149151,0,Recommended
2015-10-03,1970.7,4264725021,0,Recommended
2014-02-27,2121.8,156533813,0,Recommended
2015-08-01,3523.2,76791067124,0,Recommended
2018-10-01,1722.0,369303,0,Recommended
2018-12-07,634.2,1038911090,0,Recommended
2023-09-27,3017.5,6541116,0,Recommended
2023-10-22,837.7,14164565,0,Recommended
2020-11-25,3877.7,1077407221,0,Recommended
2020-12-29,51.7,3047117,0,Recommended
2017-12-26,1026.1,3835150,0,Recommended
2021-03-21,1327.6,53833638,0,Recommended
2023-08-20,265.4,3598813,0,Recommended
2020-09-09,585.8,23214222,0,Recommended
2017-09-21,7069.6,196909,0,Recommended
2014-08-08,21030.6,11042257,0,Recommended
2018-06-22,828.3,2651340,0,Recommended
2023-09-28,603.5,189839120,0,Recommended
2020-03-21,4214.2,313290,0,Recommended
2017-11-09,2359.2,87516363,0,Recommended
2021-12-15,1051.5,253168,0,Recommended
2024-03-23,49.2,29912514,0,Recommended
2022-06-18,171.5,50025621,0,Recommended
2020-01-03,301.2,1732580,0,Recommended
2023-03-05,178.0,281113083,0,Recommended
2021-09-28,2669.4,55617917,0,Recommended
2017-06-01,2203.5,514898,0,Recommended
2024-06-04,2112.5,5883319,0,Recommended
2018-06-16,20443.0,490783,0,Recommended
2021-11-27,1390.3,6387219,0,Recommended
2021-11-12,5960.8,2863118,0,Recommended
2016-08-24,630.4,8758890,0,Recommended
2018-12-31,319.9,373720,0,Recommended
2021-08-18,1241.3,21811723,0,Recommended
2014-07-13,1366.0,2045310474,0,Recommended
2023-01-11,128.3,3208132,0,Recommended
2019-11-02,5414.7,657736,0,Recommended
2021-03-04,1357.8,313174,0,Recommended
2024-10-13,5626.4,2345515,0,Recommended
2020-06-08,3183.8,1096383660,0,Recommended
2023-11-03,1071.2,65817422,0,Recommended
2017-10-08,2220.5,81912252,0,Recommended
2024-11-19,6698.3,3281712,0,Recommended
2022-02-15,268.4,30611841,0,Recommended
2020-07-01,14.9,418463117,0,Recommended
2022-04-08,2220.4,61532536,0,Recommended
2016-02-11,2188.1,4649881,0,Recommended
2024-09-18,206.8,30714611,0,Recommended
2018-08-17,43.1,126514210,0,Recommended
2019-06-06,414.1,77316620,0,Recommended
2016-09-01,744.7,5076530,0,Recommended
2023-10-01,275.7,36017423,0,Recommended
2015-07-11,6018.0,840522092167,0,Recommended
2019-11-05,2674.2,20620,0,Recommended
